TIMESTAMP,CO2,TEMP,HUM
25/3/2021 15:59:59,470 ppm,19.45 C,69.26 %
25/3/2021 16:01:00,470 ppm,19.46 C,68.91 %
25/3/2021 16:02:00,470 ppm,19.48 C,68.87 %
25/3/2021 16:03:00,470 ppm,19.44 C,69.45 %
25/3/2021 16:04:00,480 ppm,19.45 C,69.94 %
25/3/2021 16:05:00,480 ppm,19.45 C,70.69 %
25/3/2021 16:06:00,520 ppm,19.52 C,70.16 %
25/3/2021 16:07:00,490 ppm,19.49 C,69.98 %
25/3/2021 16:08:00,480 ppm,19.44 C,70.05 %
25/3/2021 16:09:00,480 ppm,19.38 C,70.86 %
25/3/2021 16:10:00,470 ppm,19.39 C,70.48 %
25/3/2021 16:11:00,460 ppm,19.32 C,70.48 %
25/3/2021 16:12:00,450 ppm,19.29 C,70.87 %
25/3/2021 16:13:00,450 ppm,19.24 C,70.66 %
25/3/2021 16:14:00,440 ppm,19.18 C,70.76 %
25/3/2021 16:15:00,440 ppm,19.19 C,70.64 %
25/3/2021 16:16:00,430 ppm,19.16 C,70.39 %
25/3/2021 16:17:00,430 ppm,19.18 C,71.04 %
25/3/2021 16:18:00,440 ppm,19.19 C,70.96 %
25/3/2021 16:19:00,440 ppm,19.21 C,70.85 %
25/3/2021 16:20:00,440 ppm,19.26 C,70.76 %
25/3/2021 16:21:00,450 ppm,19.25 C,70.53 %
25/3/2021 16:22:00,450 ppm,19.26 C,70.52 %
25/3/2021 16:23:00,440 ppm,19.21 C,70.60 %
25/3/2021 16:24:00,440 ppm,19.25 C,70.46 %
25/3/2021 16:25:00,440 ppm,19.24 C,70.34 %
25/3/2021 16:26:00,440 ppm,19.19 C,70.44 %
25/3/2021 16:27:00,430 ppm,19.24 C,70.45 %
25/3/2021 16:28:00,440 ppm,19.22 C,70.37 %
25/3/2021 16:29:00,440 ppm,19.25 C,70.27 %
25/3/2021 16:30:01,440 ppm,19.26 C,70.47 %
25/3/2021 16:31:01,450 ppm,19.26 C,70.25 %
25/3/2021 16:32:01,450 ppm,19.29 C,70.53 %
25/3/2021 16:33:01,450 ppm,19.31 C,70.16 %
25/3/2021 16:34:01,450 ppm,19.29 C,70.31 %
25/3/2021 16:35:01,460 ppm,19.31 C,70.08 %
25/3/2021 16:36:01,460 ppm,19.35 C,70.36 %
25/3/2021 16:37:01,470 ppm,19.34 C,70.49 %
25/3/2021 16:38:01,470 ppm,19.35 C,70.41 %
25/3/2021 16:39:01,460 ppm,19.35 C,70.18 %
25/3/2021 16:40:01,460 ppm,19.31 C,70.22 %
25/3/2021 16:41:01,450 ppm,19.34 C,70.04 %
25/3/2021 16:42:01,450 ppm,19.28 C,70.49 %
25/3/2021 16:43:01,450 ppm,19.29 C,70.46 %
25/3/2021 16:44:01,460 ppm,19.31 C,70.35 %
25/3/2021 16:44:59,460 ppm,19.31 C,70.37 %
25/3/2021 16:45:59,470 ppm,19.34 C,70.49 %
25/3/2021 16:46:59,460 ppm,19.31 C,70.33 %
25/3/2021 16:47:59,460 ppm,19.34 C,70.29 %
25/3/2021 16:48:59,460 ppm,19.32 C,70.43 %
25/3/2021 16:49:59,460 ppm,19.29 C,70.44 %
25/3/2021 16:50:59,460 ppm,19.31 C,70.24 %
25/3/2021 16:51:59,450 ppm,19.28 C,70.40 %
25/3/2021 16:52:59,450 ppm,19.24 C,70.66 %
25/3/2021 16:53:59,440 ppm,19.26 C,70.33 %
25/3/2021 16:54:59,440 ppm,19.24 C,70.47 %
25/3/2021 16:56:01,430 ppm,19.21 C,70.50 %
25/3/2021 16:57:01,430 ppm,19.19 C,70.55 %
25/3/2021 16:58:01,440 ppm,19.22 C,70.44 %
25/3/2021 16:59:01,450 ppm,19.25 C,70.46 %
25/3/2021 16:59:59,450 ppm,19.24 C,70.29 %
25/3/2021 17:00:59,450 ppm,19.28 C,70.30 %
25/3/2021 17:01:59,460 ppm,19.28 C,70.40 %
25/3/2021 17:03:00,460 ppm,19.26 C,70.53 %
25/3/2021 17:04:00,470 ppm,19.31 C,70.66 %
25/3/2021 17:05:00,470 ppm,19.31 C,70.39 %
25/3/2021 17:06:00,480 ppm,19.32 C,70.16 %
25/3/2021 17:07:00,480 ppm,19.36 C,70.74 %
25/3/2021 17:08:00,480 ppm,19.36 C,70.46 %
25/3/2021 17:09:00,480 ppm,19.35 C,70.22 %
25/3/2021 17:10:00,480 ppm,19.42 C,70.19 %
25/3/2021 17:11:00,480 ppm,19.41 C,70.16 %
25/3/2021 17:12:00,490 ppm,19.44 C,70.13 %
25/3/2021 17:13:00,500 ppm,19.46 C,70.09 %
25/3/2021 17:14:00,490 ppm,19.39 C,69.99 %
25/3/2021 17:16:00,470 ppm,19.42 C,70.05 %
25/3/2021 17:17:00,480 ppm,19.41 C,70.12 %
25/3/2021 17:18:00,470 ppm,19.38 C,70.05 %
25/3/2021 17:19:00,470 ppm,19.41 C,70.33 %
25/3/2021 17:20:00,470 ppm,19.39 C,70.22 %
25/3/2021 17:21:00,480 ppm,19.38 C,70.30 %
25/3/2021 17:22:00,480 ppm,19.41 C,70.00 %
25/3/2021 17:23:00,490 ppm,19.45 C,70.03 %
25/3/2021 17:24:00,490 ppm,19.45 C,70.17 %
25/3/2021 17:25:00,490 ppm,19.42 C,70.20 %
25/3/2021 17:26:00,480 ppm,19.41 C,70.11 %
25/3/2021 17:27:00,470 ppm,19.41 C,70.00 %
25/3/2021 17:28:00,470 ppm,19.41 C,70.14 %
25/3/2021 17:29:00,480 ppm,19.39 C,70.24 %
25/3/2021 17:30:00,480 ppm,19.41 C,69.97 %
25/3/2021 17:31:00,470 ppm,19.41 C,69.97 %
25/3/2021 17:32:00,470 ppm,19.41 C,70.09 %
25/3/2021 17:33:00,470 ppm,19.42 C,70.28 %
25/3/2021 17:34:00,480 ppm,19.42 C,70.10 %
25/3/2021 17:35:00,480 ppm,19.44 C,70.26 %
25/3/2021 17:36:00,480 ppm,19.45 C,70.11 %
25/3/2021 17:37:00,480 ppm,19.48 C,70.17 %
25/3/2021 17:38:00,490 ppm,19.45 C,70.16 %
25/3/2021 17:39:00,490 ppm,19.46 C,70.09 %
25/3/2021 17:40:00,490 ppm,19.48 C,70.19 %
25/3/2021 17:41:00,480 ppm,19.48 C,70.14 %
25/3/2021 17:42:00,470 ppm,19.46 C,70.23 %
25/3/2021 17:43:00,470 ppm,19.46 C,70.23 %
25/3/2021 17:44:00,470 ppm,19.46 C,70.12 %
25/3/2021 17:45:00,470 ppm,19.46 C,70.37 %
25/3/2021 17:46:01,470 ppm,19.45 C,70.18 %
25/3/2021 17:47:01,470 ppm,19.48 C,70.43 %
25/3/2021 17:48:01,470 ppm,19.45 C,70.37 %
25/3/2021 17:49:01,460 ppm,19.45 C,70.30 %
25/3/2021 17:50:01,470 ppm,19.44 C,70.30 %
25/3/2021 17:51:01,470 ppm,19.45 C,70.37 %
25/3/2021 17:52:01,470 ppm,19.48 C,70.55 %
25/3/2021 17:53:01,480 ppm,19.48 C,70.42 %
25/3/2021 17:54:01,480 ppm,19.49 C,70.27 %
25/3/2021 17:55:01,470 ppm,19.48 C,70.32 %
25/3/2021 17:56:01,470 ppm,19.46 C,70.26 %
25/3/2021 17:57:01,480 ppm,19.48 C,70.42 %
25/3/2021 17:58:01,470 ppm,19.48 C,70.31 %
25/3/2021 17:59:01,470 ppm,19.46 C,70.38 %
25/3/2021 18:00:01,470 ppm,19.48 C,70.48 %
25/3/2021 18:00:59,470 ppm,19.48 C,70.46 %
25/3/2021 18:01:59,470 ppm,19.48 C,70.37 %
25/3/2021 18:02:59,470 ppm,19.45 C,70.41 %
25/3/2021 18:03:59,480 ppm,19.49 C,70.41 %
25/3/2021 18:04:59,480 ppm,19.50 C,70.38 %
25/3/2021 18:05:59,470 ppm,19.45 C,70.41 %
25/3/2021 18:06:59,470 ppm,19.46 C,70.46 %
25/3/2021 18:07:59,470 ppm,19.46 C,70.52 %
25/3/2021 18:08:59,470 ppm,19.48 C,70.37 %
25/3/2021 18:10:01,460 ppm,19.49 C,70.48 %
25/3/2021 18:11:01,470 ppm,19.48 C,70.48 %
25/3/2021 18:12:01,470 ppm,19.50 C,70.78 %
25/3/2021 18:13:01,470 ppm,19.50 C,70.76 %
25/3/2021 18:14:01,470 ppm,19.48 C,70.80 %
25/3/2021 18:15:01,470 ppm,19.46 C,70.79 %
25/3/2021 18:16:01,470 ppm,19.45 C,70.88 %
25/3/2021 18:16:59,470 ppm,19.49 C,70.90 %
25/3/2021 18:17:59,470 ppm,19.48 C,70.79 %
25/3/2021 18:18:59,470 ppm,19.48 C,70.81 %
25/3/2021 18:19:59,460 ppm,19.46 C,70.73 %
25/3/2021 18:20:59,470 ppm,19.48 C,70.81 %
25/3/2021 18:21:59,480 ppm,19.53 C,70.66 %
25/3/2021 18:22:59,470 ppm,19.52 C,70.78 %
25/3/2021 18:23:59,470 ppm,19.48 C,70.83 %
25/3/2021 18:24:59,470 ppm,19.48 C,71.01 %
25/3/2021 18:26:00,460 ppm,19.48 C,71.02 %
25/3/2021 18:27:00,460 ppm,19.46 C,70.98 %
25/3/2021 18:28:00,460 ppm,19.44 C,71.02 %
25/3/2021 18:29:00,460 ppm,19.46 C,71.15 %
25/3/2021 18:30:00,460 ppm,19.49 C,71.04 %
25/3/2021 18:31:00,460 ppm,19.49 C,71.11 %
25/3/2021 18:32:00,460 ppm,19.46 C,71.07 %
25/3/2021 18:33:00,460 ppm,19.48 C,71.11 %
25/3/2021 18:34:00,450 ppm,19.45 C,71.22 %
25/3/2021 18:35:00,460 ppm,19.45 C,71.21 %
25/3/2021 18:36:00,460 ppm,19.42 C,70.87 %
25/3/2021 18:37:00,450 ppm,19.44 C,71.24 %
25/3/2021 18:38:00,450 ppm,19.41 C,71.36 %
25/3/2021 18:39:00,450 ppm,19.39 C,71.36 %
25/3/2021 18:40:00,460 ppm,19.44 C,71.19 %
25/3/2021 18:41:00,460 ppm,19.42 C,71.22 %
25/3/2021 18:42:00,460 ppm,19.44 C,71.00 %
25/3/2021 18:43:00,470 ppm,19.42 C,70.99 %
25/3/2021 18:44:00,470 ppm,19.42 C,70.98 %
25/3/2021 18:45:00,460 ppm,19.42 C,71.04 %
25/3/2021 18:46:00,460 ppm,19.44 C,71.09 %
25/3/2021 18:47:00,460 ppm,19.42 C,71.04 %
25/3/2021 18:48:00,460 ppm,19.39 C,71.19 %
25/3/2021 18:49:00,450 ppm,19.42 C,71.21 %
25/3/2021 18:50:00,450 ppm,19.42 C,71.22 %
25/3/2021 18:51:00,450 ppm,19.45 C,70.97 %
25/3/2021 18:52:00,460 ppm,19.44 C,71.12 %
25/3/2021 18:53:00,460 ppm,19.46 C,71.05 %
25/3/2021 18:54:00,470 ppm,19.52 C,70.81 %
25/3/2021 18:55:00,470 ppm,19.48 C,70.57 %
25/3/2021 18:56:00,480 ppm,19.49 C,70.50 %
25/3/2021 18:57:00,490 ppm,19.52 C,70.64 %
25/3/2021 18:58:00,500 ppm,19.53 C,70.63 %
25/3/2021 18:59:00,510 ppm,19.59 C,70.40 %
25/3/2021 19:00:00,530 ppm,19.60 C,70.50 %
25/3/2021 19:01:00,530 ppm,19.60 C,70.22 %
25/3/2021 19:02:00,550 ppm,19.59 C,70.44 %
25/3/2021 19:03:00,560 ppm,19.65 C,70.47 %
25/3/2021 19:04:00,570 ppm,19.65 C,70.48 %
25/3/2021 19:05:00,580 ppm,19.65 C,70.34 %
25/3/2021 19:06:00,580 ppm,19.68 C,70.26 %
25/3/2021 19:07:00,590 ppm,19.68 C,70.27 %
25/3/2021 19:08:01,590 ppm,19.66 C,70.32 %
25/3/2021 19:09:01,600 ppm,19.65 C,70.23 %
25/3/2021 19:10:01,610 ppm,19.68 C,70.23 %
25/3/2021 19:11:01,620 ppm,19.69 C,70.32 %
25/3/2021 19:12:01,630 ppm,19.72 C,70.12 %
25/3/2021 19:13:01,640 ppm,19.69 C,70.19 %
25/3/2021 19:14:01,640 ppm,19.72 C,70.09 %
25/3/2021 19:15:01,650 ppm,19.68 C,70.11 %
25/3/2021 19:16:01,650 ppm,19.72 C,70.18 %
25/3/2021 19:17:01,670 ppm,19.73 C,70.22 %
25/3/2021 19:18:01,670 ppm,19.73 C,70.15 %
25/3/2021 19:19:01,670 ppm,19.73 C,70.01 %
25/3/2021 19:19:59,680 ppm,19.74 C,70.14 %
25/3/2021 19:20:59,680 ppm,19.72 C,70.19 %
25/3/2021 19:21:59,690 ppm,19.73 C,70.27 %
25/3/2021 19:22:59,690 ppm,19.74 C,70.23 %
25/3/2021 19:23:59,690 ppm,19.74 C,70.19 %
25/3/2021 19:25:01,690 ppm,19.76 C,70.18 %
25/3/2021 19:26:01,690 ppm,19.73 C,70.03 %
25/3/2021 19:27:01,690 ppm,19.74 C,70.18 %
25/3/2021 19:28:01,690 ppm,19.74 C,70.09 %
25/3/2021 19:29:01,690 ppm,19.74 C,70.16 %
25/3/2021 19:30:01,700 ppm,19.77 C,70.01 %
25/3/2021 19:31:01,710 ppm,19.76 C,70.12 %
25/3/2021 19:32:01,710 ppm,19.76 C,69.96 %
25/3/2021 19:33:01,720 ppm,19.77 C,70.19 %
25/3/2021 19:34:01,740 ppm,19.80 C,70.14 %
25/3/2021 19:35:01,750 ppm,19.80 C,70.19 %
25/3/2021 19:36:01,750 ppm,19.81 C,70.05 %
25/3/2021 19:36:59,740 ppm,19.81 C,69.88 %
25/3/2021 19:37:59,740 ppm,19.86 C,69.74 %
25/3/2021 19:38:59,750 ppm,19.86 C,69.64 %
25/3/2021 19:39:59,760 ppm,19.84 C,69.63 %
25/3/2021 19:40:59,770 ppm,19.87 C,69.63 %
25/3/2021 19:41:59,770 ppm,19.83 C,69.46 %
25/3/2021 19:42:59,770 ppm,19.83 C,69.47 %
25/3/2021 19:43:59,780 ppm,19.84 C,69.58 %
25/3/2021 19:44:59,780 ppm,19.86 C,69.36 %
25/3/2021 19:45:59,790 ppm,19.86 C,69.47 %
25/3/2021 19:46:59,800 ppm,19.87 C,69.36 %
25/3/2021 19:47:59,810 ppm,19.87 C,69.47 %
25/3/2021 19:49:01,820 ppm,19.86 C,69.47 %
25/3/2021 19:50:01,830 ppm,19.86 C,69.29 %
25/3/2021 19:51:01,820 ppm,19.86 C,69.34 %
25/3/2021 19:51:59,820 ppm,19.86 C,69.39 %
25/3/2021 19:52:59,830 ppm,19.86 C,69.37 %
25/3/2021 19:54:00,830 ppm,19.81 C,69.23 %
25/3/2021 19:55:00,830 ppm,19.80 C,69.39 %
25/3/2021 19:56:00,840 ppm,19.81 C,69.33 %
25/3/2021 19:57:00,840 ppm,19.81 C,69.24 %
25/3/2021 19:58:00,840 ppm,19.81 C,69.23 %
25/3/2021 19:59:00,850 ppm,19.81 C,69.27 %
25/3/2021 20:00:00,860 ppm,19.77 C,69.20 %
25/3/2021 20:01:00,860 ppm,19.80 C,69.40 %
25/3/2021 20:02:00,870 ppm,19.79 C,69.42 %
25/3/2021 20:03:00,890 ppm,19.81 C,69.33 %
25/3/2021 20:04:00,890 ppm,19.81 C,69.20 %
25/3/2021 20:05:00,890 ppm,19.81 C,69.21 %
25/3/2021 20:06:00,890 ppm,19.77 C,69.31 %
25/3/2021 20:07:00,900 ppm,19.76 C,69.43 %
25/3/2021 20:08:00,910 ppm,19.79 C,69.29 %
25/3/2021 20:09:00,910 ppm,19.76 C,69.21 %
25/3/2021 20:10:00,920 ppm,19.80 C,69.31 %
25/3/2021 20:11:00,930 ppm,19.79 C,69.24 %
25/3/2021 20:12:00,930 ppm,19.80 C,69.19 %
25/3/2021 20:13:00,920 ppm,19.79 C,69.15 %
25/3/2021 20:14:00,940 ppm,19.79 C,69.25 %
25/3/2021 20:15:00,940 ppm,19.80 C,69.25 %
25/3/2021 20:16:00,920 ppm,19.76 C,69.19 %
25/3/2021 20:17:00,940 ppm,19.76 C,69.28 %
25/3/2021 20:18:00,950 ppm,19.76 C,69.36 %
25/3/2021 20:19:00,970 ppm,19.81 C,69.24 %
25/3/2021 20:20:00,970 ppm,19.77 C,69.08 %
25/3/2021 20:21:00,980 ppm,19.81 C,69.15 %
25/3/2021 20:22:00,990 ppm,19.80 C,69.27 %
25/3/2021 20:23:00,1000 ppm,19.80 C,69.08 %
25/3/2021 20:24:00,1000 ppm,19.79 C,69.33 %
25/3/2021 20:25:00,1000 ppm,19.79 C,69.30 %
25/3/2021 20:26:00,990 ppm,19.76 C,69.32 %
25/3/2021 20:27:00,1000 ppm,19.76 C,69.33 %
25/3/2021 20:28:00,1000 ppm,19.77 C,69.37 %
25/3/2021 20:29:00,1000 ppm,19.76 C,69.18 %
25/3/2021 20:30:00,1010 ppm,19.76 C,69.23 %
25/3/2021 20:31:00,1010 ppm,19.77 C,69.06 %
25/3/2021 20:32:00,1010 ppm,19.73 C,69.30 %
25/3/2021 20:33:01,1020 ppm,19.76 C,69.20 %
25/3/2021 20:34:01,1030 ppm,19.74 C,69.25 %
25/3/2021 20:35:01,1030 ppm,19.76 C,69.34 %
25/3/2021 20:36:01,1040 ppm,19.76 C,69.16 %
25/3/2021 20:37:01,1040 ppm,19.73 C,69.23 %
25/3/2021 20:38:01,1030 ppm,19.73 C,69.27 %
25/3/2021 20:39:01,1050 ppm,19.76 C,69.24 %
25/3/2021 20:40:01,1050 ppm,19.76 C,69.17 %
25/3/2021 20:40:59,1060 ppm,19.76 C,69.29 %
25/3/2021 20:41:59,1070 ppm,19.80 C,69.29 %
25/3/2021 20:43:01,1070 ppm,19.79 C,69.17 %
25/3/2021 20:44:01,1080 ppm,19.79 C,68.94 %
25/3/2021 20:45:01,1070 ppm,19.76 C,69.25 %
25/3/2021 20:46:01,1060 ppm,19.74 C,69.22 %
25/3/2021 20:47:01,1070 ppm,19.73 C,69.43 %
25/3/2021 20:48:01,1080 ppm,19.74 C,69.12 %
25/3/2021 20:49:01,1070 ppm,19.73 C,69.29 %
25/3/2021 20:50:01,1070 ppm,19.72 C,69.28 %
25/3/2021 20:51:01,1090 ppm,19.76 C,69.23 %
25/3/2021 20:52:01,1100 ppm,19.77 C,69.25 %
25/3/2021 20:53:01,1100 ppm,19.76 C,69.02 %
25/3/2021 20:54:01,1100 ppm,19.74 C,69.16 %
25/3/2021 20:55:01,1110 ppm,19.73 C,69.24 %
25/3/2021 20:56:01,1110 ppm,19.77 C,69.35 %
25/3/2021 20:57:01,1120 ppm,19.72 C,69.08 %
25/3/2021 20:57:59,1100 ppm,19.72 C,69.26 %
25/3/2021 20:58:59,1110 ppm,19.73 C,69.34 %
25/3/2021 20:59:59,1120 ppm,19.72 C,69.17 %
25/3/2021 21:00:59,1120 ppm,19.70 C,69.24 %
25/3/2021 21:01:59,1120 ppm,19.69 C,69.15 %
25/3/2021 21:02:59,1120 ppm,19.70 C,69.30 %
25/3/2021 21:03:59,1130 ppm,19.69 C,69.51 %
25/3/2021 21:04:59,1140 ppm,19.69 C,69.37 %
25/3/2021 21:05:59,1150 ppm,19.72 C,69.36 %
25/3/2021 21:06:59,1150 ppm,19.72 C,69.35 %
25/3/2021 21:07:59,1150 ppm,19.69 C,69.28 %
25/3/2021 21:08:59,1150 ppm,19.73 C,69.45 %
25/3/2021 21:10:01,1160 ppm,19.68 C,69.30 %
25/3/2021 21:11:01,1150 ppm,19.66 C,69.31 %
25/3/2021 21:12:01,1180 ppm,19.72 C,69.34 %
25/3/2021 21:13:01,1170 ppm,19.70 C,69.19 %
25/3/2021 21:13:59,1150 ppm,19.70 C,69.31 %
25/3/2021 21:14:59,1160 ppm,19.68 C,69.18 %
25/3/2021 21:15:59,1170 ppm,19.68 C,69.37 %
25/3/2021 21:16:59,1160 ppm,19.69 C,69.37 %
25/3/2021 21:18:00,1160 ppm,19.68 C,69.36 %
25/3/2021 21:19:00,1170 ppm,19.68 C,69.33 %
25/3/2021 21:20:00,1180 ppm,19.63 C,69.38 %
25/3/2021 21:21:00,1200 ppm,19.66 C,69.27 %
25/3/2021 21:22:00,1210 ppm,19.68 C,69.40 %
25/3/2021 21:23:00,1210 ppm,19.68 C,69.40 %
25/3/2021 21:24:00,1220 ppm,19.66 C,69.37 %
25/3/2021 21:25:00,1210 ppm,19.68 C,69.41 %
25/3/2021 21:26:00,1220 ppm,19.68 C,69.43 %
25/3/2021 21:27:00,1220 ppm,19.68 C,69.41 %
25/3/2021 21:28:00,1220 ppm,19.66 C,69.38 %
25/3/2021 21:29:00,1230 ppm,19.63 C,69.43 %
25/3/2021 21:30:00,1220 ppm,19.68 C,69.33 %
25/3/2021 21:31:00,1230 ppm,19.68 C,69.43 %
25/3/2021 21:32:00,1240 ppm,19.68 C,69.30 %
25/3/2021 21:33:00,1250 ppm,19.68 C,69.37 %
25/3/2021 21:34:00,1240 ppm,19.66 C,69.27 %
25/3/2021 21:35:00,1240 ppm,19.66 C,69.26 %
25/3/2021 21:36:00,1250 ppm,19.68 C,69.28 %
25/3/2021 21:37:00,1260 ppm,19.66 C,69.17 %
25/3/2021 21:38:00,1260 ppm,19.65 C,69.34 %
25/3/2021 21:39:00,1270 ppm,19.66 C,69.28 %
25/3/2021 21:40:00,1270 ppm,19.63 C,69.30 %
25/3/2021 21:41:00,1270 ppm,19.66 C,69.28 %
25/3/2021 21:42:00,1280 ppm,19.69 C,69.37 %
25/3/2021 21:43:00,1290 ppm,19.66 C,69.40 %
25/3/2021 21:44:00,1300 ppm,19.68 C,69.21 %
25/3/2021 21:45:00,1300 ppm,19.68 C,69.51 %
25/3/2021 21:46:00,1320 ppm,19.72 C,69.61 %
25/3/2021 21:47:00,1330 ppm,19.70 C,69.35 %
25/3/2021 21:48:00,1300 ppm,19.70 C,69.33 %
25/3/2021 21:49:00,1290 ppm,19.66 C,69.61 %
25/3/2021 21:50:00,1290 ppm,19.65 C,69.88 %
25/3/2021 21:51:00,1270 ppm,19.63 C,69.78 %
25/3/2021 21:52:00,1270 ppm,19.66 C,69.81 %
25/3/2021 21:53:00,1280 ppm,19.65 C,69.90 %
25/3/2021 21:54:00,1270 ppm,19.66 C,70.11 %
25/3/2021 21:55:00,1200 ppm,19.69 C,70.07 %
25/3/2021 21:56:00,1210 ppm,19.68 C,70.12 %
25/3/2021 21:57:00,1120 ppm,19.68 C,70.38 %
25/3/2021 21:58:00,1140 ppm,19.65 C,70.21 %
25/3/2021 21:59:00,1080 ppm,19.63 C,70.05 %
25/3/2021 22:00:00,1070 ppm,19.66 C,69.91 %
25/3/2021 22:01:00,1040 ppm,19.62 C,70.14 %
25/3/2021 22:02:01,1010 ppm,19.65 C,70.17 %
25/3/2021 22:03:01,1000 ppm,19.65 C,69.98 %
25/3/2021 22:04:01,990 ppm,19.63 C,69.90 %
25/3/2021 22:05:01,990 ppm,19.62 C,69.98 %
25/3/2021 22:06:01,960 ppm,19.63 C,70.28 %
25/3/2021 22:07:01,880 ppm,19.65 C,70.57 %
25/3/2021 22:08:01,920 ppm,19.62 C,70.21 %
25/3/2021 22:09:01,890 ppm,19.65 C,70.26 %
25/3/2021 22:10:01,870 ppm,19.68 C,70.04 %
25/3/2021 22:11:01,830 ppm,19.65 C,70.11 %
25/3/2021 22:12:01,840 ppm,19.66 C,70.75 %
25/3/2021 22:13:01,820 ppm,19.69 C,70.32 %
25/3/2021 22:14:01,790 ppm,19.69 C,70.78 %
25/3/2021 22:15:01,770 ppm,19.69 C,70.41 %
25/3/2021 22:16:01,790 ppm,19.69 C,70.22 %
25/3/2021 22:17:01,780 ppm,19.69 C,70.34 %
25/3/2021 22:18:01,770 ppm,19.69 C,70.70 %
25/3/2021 22:18:59,740 ppm,19.69 C,70.56 %
25/3/2021 22:19:59,740 ppm,19.69 C,70.23 %
25/3/2021 22:20:59,750 ppm,19.69 C,70.32 %
25/3/2021 22:21:59,760 ppm,19.72 C,69.88 %
25/3/2021 22:22:59,740 ppm,19.70 C,70.39 %
25/3/2021 22:23:59,710 ppm,19.72 C,70.38 %
25/3/2021 22:24:59,710 ppm,19.73 C,70.56 %
25/3/2021 22:25:59,730 ppm,19.73 C,70.54 %
25/3/2021 22:26:59,720 ppm,19.73 C,70.54 %
25/3/2021 22:28:01,710 ppm,19.72 C,70.64 %
25/3/2021 22:29:01,710 ppm,19.74 C,70.25 %
25/3/2021 22:30:01,700 ppm,19.76 C,70.56 %
25/3/2021 22:31:01,680 ppm,19.76 C,70.63 %
25/3/2021 22:32:01,670 ppm,19.76 C,70.59 %
25/3/2021 22:33:01,670 ppm,19.76 C,70.81 %
25/3/2021 22:34:01,650 ppm,19.77 C,70.82 %
25/3/2021 22:35:01,650 ppm,19.77 C,70.89 %
25/3/2021 22:35:59,660 ppm,19.79 C,70.45 %
25/3/2021 22:36:59,670 ppm,19.79 C,70.35 %
25/3/2021 22:37:59,670 ppm,19.77 C,70.60 %
25/3/2021 22:38:59,650 ppm,19.76 C,70.78 %
25/3/2021 22:39:59,640 ppm,19.79 C,70.65 %
25/3/2021 22:40:59,620 ppm,19.79 C,70.77 %
25/3/2021 22:42:00,620 ppm,19.79 C,70.36 %
25/3/2021 22:43:00,620 ppm,19.84 C,70.77 %
25/3/2021 22:44:00,610 ppm,19.86 C,70.44 %
25/3/2021 22:45:00,620 ppm,19.86 C,70.58 %
25/3/2021 22:46:00,630 ppm,19.86 C,70.35 %
25/3/2021 22:47:00,640 ppm,19.83 C,70.34 %
25/3/2021 22:48:00,640 ppm,19.84 C,70.64 %
25/3/2021 22:49:00,610 ppm,19.84 C,70.58 %
25/3/2021 22:50:00,610 ppm,19.86 C,70.60 %
25/3/2021 22:51:00,610 ppm,19.86 C,70.47 %
25/3/2021 22:52:00,620 ppm,19.86 C,70.59 %
25/3/2021 22:53:00,610 ppm,19.83 C,70.57 %
25/3/2021 22:54:00,600 ppm,19.86 C,70.46 %
25/3/2021 22:55:00,600 ppm,19.83 C,70.05 %
25/3/2021 22:56:00,600 ppm,19.81 C,70.38 %
25/3/2021 22:57:00,610 ppm,19.81 C,70.25 %
25/3/2021 22:58:00,610 ppm,19.83 C,70.26 %
25/3/2021 22:59:00,600 ppm,19.80 C,70.42 %
25/3/2021 23:00:00,600 ppm,19.81 C,70.60 %
25/3/2021 23:01:00,610 ppm,19.81 C,70.68 %
25/3/2021 23:02:00,610 ppm,19.81 C,70.81 %
25/3/2021 23:03:00,610 ppm,19.81 C,70.78 %
25/3/2021 23:04:00,610 ppm,19.83 C,70.75 %
25/3/2021 23:05:00,610 ppm,19.83 C,70.92 %
25/3/2021 23:06:00,610 ppm,19.81 C,70.45 %
25/3/2021 23:07:00,610 ppm,19.84 C,70.72 %
25/3/2021 23:08:00,610 ppm,19.80 C,71.01 %
25/3/2021 23:09:00,610 ppm,19.81 C,70.86 %
25/3/2021 23:10:00,610 ppm,19.83 C,70.61 %
25/3/2021 23:11:00,610 ppm,19.81 C,71.07 %
25/3/2021 23:12:00,620 ppm,19.80 C,71.04 %
25/3/2021 23:13:00,620 ppm,19.83 C,70.52 %
25/3/2021 23:14:00,610 ppm,19.79 C,70.32 %
25/3/2021 23:15:00,610 ppm,19.77 C,70.71 %
25/3/2021 23:16:00,610 ppm,19.77 C,70.80 %
25/3/2021 23:17:00,610 ppm,19.80 C,70.45 %
25/3/2021 23:18:00,610 ppm,19.79 C,70.53 %
25/3/2021 23:19:00,600 ppm,19.80 C,70.57 %
25/3/2021 23:20:00,610 ppm,19.79 C,70.79 %
25/3/2021 23:21:00,600 ppm,19.77 C,70.32 %
25/3/2021 23:22:00,590 ppm,19.77 C,70.17 %
25/3/2021 23:23:00,580 ppm,19.76 C,70.17 %
25/3/2021 23:24:00,580 ppm,19.73 C,70.49 %
25/3/2021 23:25:00,590 ppm,19.76 C,70.16 %
25/3/2021 23:26:00,580 ppm,19.76 C,70.56 %
25/3/2021 23:27:00,590 ppm,19.74 C,70.24 %
25/3/2021 23:28:01,580 ppm,19.73 C,70.44 %
25/3/2021 23:29:01,580 ppm,19.74 C,70.37 %
25/3/2021 23:30:01,580 ppm,19.77 C,70.25 %
25/3/2021 23:31:01,570 ppm,19.74 C,70.13 %
25/3/2021 23:32:01,570 ppm,19.73 C,70.13 %
25/3/2021 23:33:01,560 ppm,19.73 C,69.92 %
25/3/2021 23:34:01,550 ppm,19.70 C,70.00 %
25/3/2021 23:35:01,550 ppm,19.68 C,69.91 %
25/3/2021 23:36:01,530 ppm,19.69 C,70.12 %
25/3/2021 23:37:01,530 ppm,19.66 C,70.18 %
25/3/2021 23:38:01,540 ppm,19.72 C,70.22 %
25/3/2021 23:39:01,540 ppm,19.69 C,69.95 %
25/3/2021 23:39:59,520 ppm,19.66 C,70.26 %
25/3/2021 23:40:59,530 ppm,19.68 C,70.21 %
25/3/2021 23:41:59,530 ppm,19.68 C,70.21 %
25/3/2021 23:42:59,540 ppm,19.68 C,70.29 %
25/3/2021 23:43:59,530 ppm,19.66 C,70.10 %
25/3/2021 23:45:01,520 ppm,19.66 C,70.11 %
25/3/2021 23:46:01,510 ppm,19.65 C,70.11 %
25/3/2021 23:47:01,520 ppm,19.63 C,70.03 %
25/3/2021 23:48:01,510 ppm,19.63 C,70.05 %
25/3/2021 23:49:01,510 ppm,19.59 C,70.26 %
25/3/2021 23:50:01,500 ppm,19.60 C,70.38 %
25/3/2021 23:51:01,510 ppm,19.59 C,70.47 %
25/3/2021 23:52:01,510 ppm,19.58 C,70.42 %
25/3/2021 23:53:01,520 ppm,19.58 C,70.52 %
25/3/2021 23:54:01,530 ppm,19.56 C,70.45 %
25/3/2021 23:55:01,530 ppm,19.56 C,70.49 %
25/3/2021 23:56:01,540 ppm,19.55 C,70.59 %
25/3/2021 23:57:01,540 ppm,19.56 C,70.67 %
25/3/2021 23:57:59,550 ppm,19.56 C,70.64 %
25/3/2021 23:58:59,550 ppm,19.58 C,70.56 %
25/3/2021 23:59:59,550 ppm,19.55 C,70.56 %
26/3/2021 0:00:59,560 ppm,19.56 C,70.63 %
26/3/2021 0:01:59,570 ppm,19.58 C,70.61 %
26/3/2021 0:02:59,570 ppm,19.56 C,70.51 %
26/3/2021 0:03:59,580 ppm,19.55 C,70.53 %
26/3/2021 0:04:59,580 ppm,19.58 C,70.53 %
26/3/2021 0:05:59,580 ppm,19.58 C,70.38 %
26/3/2021 0:06:59,590 ppm,19.56 C,70.49 %
26/3/2021 0:07:59,590 ppm,19.58 C,70.59 %
26/3/2021 0:08:59,590 ppm,19.56 C,70.42 %
26/3/2021 0:09:59,590 ppm,19.60 C,70.49 %
26/3/2021 0:10:59,590 ppm,19.58 C,70.43 %
26/3/2021 0:11:59,600 ppm,19.58 C,70.39 %
26/3/2021 0:13:00,590 ppm,19.55 C,70.45 %
26/3/2021 0:14:00,610 ppm,19.59 C,70.39 %
26/3/2021 0:15:00,610 ppm,19.59 C,70.42 %
26/3/2021 0:16:00,610 ppm,19.60 C,70.31 %
26/3/2021 0:17:00,620 ppm,19.59 C,70.22 %
26/3/2021 0:18:00,610 ppm,19.60 C,70.04 %
26/3/2021 0:19:00,620 ppm,19.58 C,69.97 %
26/3/2021 0:20:00,640 ppm,19.59 C,70.19 %
26/3/2021 0:21:00,640 ppm,19.63 C,70.29 %
26/3/2021 0:22:00,660 ppm,19.63 C,70.38 %
26/3/2021 0:23:00,650 ppm,19.65 C,70.12 %
26/3/2021 0:24:00,650 ppm,19.66 C,69.79 %
26/3/2021 0:25:00,650 ppm,19.66 C,69.50 %
26/3/2021 0:26:00,650 ppm,19.63 C,69.63 %
26/3/2021 0:27:00,660 ppm,19.63 C,69.67 %
26/3/2021 0:28:00,660 ppm,19.63 C,69.45 %
26/3/2021 0:29:00,670 ppm,19.65 C,69.79 %
26/3/2021 0:30:00,680 ppm,19.63 C,69.65 %
26/3/2021 0:31:00,690 ppm,19.69 C,69.72 %
26/3/2021 0:32:00,700 ppm,19.68 C,69.78 %
26/3/2021 0:33:00,700 ppm,19.65 C,69.72 %
26/3/2021 0:34:00,710 ppm,19.70 C,69.59 %
26/3/2021 0:35:00,710 ppm,19.68 C,69.59 %
26/3/2021 0:36:00,720 ppm,19.70 C,69.69 %
26/3/2021 0:37:00,730 ppm,19.68 C,69.65 %
26/3/2021 0:38:00,730 ppm,19.70 C,69.39 %
26/3/2021 0:39:00,730 ppm,19.69 C,69.48 %
26/3/2021 0:40:00,740 ppm,19.70 C,69.70 %
26/3/2021 0:41:00,740 ppm,19.73 C,69.64 %
26/3/2021 0:42:00,740 ppm,19.73 C,69.62 %
26/3/2021 0:43:00,740 ppm,19.73 C,69.32 %
26/3/2021 0:44:00,740 ppm,19.74 C,69.45 %
26/3/2021 0:45:00,750 ppm,19.73 C,69.27 %
26/3/2021 0:46:00,750 ppm,19.76 C,69.37 %
26/3/2021 0:47:00,750 ppm,19.74 C,69.36 %
26/3/2021 0:48:00,750 ppm,19.74 C,69.18 %
26/3/2021 0:49:00,750 ppm,19.76 C,69.23 %
26/3/2021 0:50:00,760 ppm,19.77 C,69.16 %
26/3/2021 0:51:00,760 ppm,19.77 C,69.10 %
26/3/2021 0:52:00,770 ppm,19.73 C,69.05 %
26/3/2021 0:53:00,780 ppm,19.76 C,69.16 %
26/3/2021 0:54:01,790 ppm,19.76 C,69.17 %
26/3/2021 0:55:01,790 ppm,19.73 C,69.02 %
26/3/2021 0:56:01,790 ppm,19.76 C,69.07 %
26/3/2021 0:57:01,790 ppm,19.76 C,69.11 %
26/3/2021 0:58:01,790 ppm,19.74 C,69.01 %
26/3/2021 0:59:01,800 ppm,19.77 C,69.01 %
26/3/2021 1:00:01,800 ppm,19.74 C,69.01 %
26/3/2021 1:01:01,800 ppm,19.76 C,68.94 %
26/3/2021 1:02:01,800 ppm,19.74 C,68.95 %
26/3/2021 1:02:59,800 ppm,19.76 C,68.96 %
26/3/2021 1:03:59,800 ppm,19.76 C,68.87 %
26/3/2021 1:05:01,800 ppm,19.74 C,68.87 %
26/3/2021 1:06:01,800 ppm,19.76 C,68.86 %
26/3/2021 1:07:01,800 ppm,19.73 C,68.73 %
26/3/2021 1:08:01,800 ppm,19.76 C,68.67 %
26/3/2021 1:09:01,800 ppm,19.74 C,68.59 %
26/3/2021 1:10:01,800 ppm,19.73 C,68.66 %
26/3/2021 1:11:01,800 ppm,19.74 C,68.68 %
26/3/2021 1:12:01,800 ppm,19.74 C,68.74 %
26/3/2021 1:13:01,810 ppm,19.73 C,68.66 %
26/3/2021 1:14:01,810 ppm,19.72 C,68.47 %
26/3/2021 1:15:01,810 ppm,19.76 C,68.55 %
26/3/2021 1:16:01,810 ppm,19.76 C,68.51 %
26/3/2021 1:17:01,810 ppm,19.74 C,68.50 %
26/3/2021 1:18:01,810 ppm,19.73 C,68.52 %
26/3/2021 1:19:01,810 ppm,19.76 C,68.48 %
26/3/2021 1:19:59,810 ppm,19.76 C,68.43 %
26/3/2021 1:20:59,810 ppm,19.74 C,68.45 %
26/3/2021 1:21:59,820 ppm,19.76 C,68.34 %
26/3/2021 1:22:59,820 ppm,19.77 C,68.44 %
26/3/2021 1:23:59,820 ppm,19.76 C,68.40 %
26/3/2021 1:24:59,820 ppm,19.77 C,68.40 %
26/3/2021 1:25:59,820 ppm,19.77 C,68.42 %
26/3/2021 1:26:59,820 ppm,19.74 C,68.39 %
26/3/2021 1:27:59,820 ppm,19.79 C,68.33 %
26/3/2021 1:29:01,820 ppm,19.79 C,68.36 %
26/3/2021 1:30:01,820 ppm,19.80 C,68.33 %
26/3/2021 1:31:01,820 ppm,19.79 C,68.34 %
26/3/2021 1:32:01,820 ppm,19.79 C,68.26 %
26/3/2021 1:33:01,830 ppm,19.79 C,68.22 %
26/3/2021 1:34:01,810 ppm,19.83 C,68.15 %
26/3/2021 1:35:01,810 ppm,19.84 C,68.02 %
26/3/2021 1:35:59,820 ppm,19.84 C,67.98 %
26/3/2021 1:36:59,830 ppm,19.81 C,68.04 %
26/3/2021 1:37:59,830 ppm,19.81 C,68.09 %
26/3/2021 1:38:59,840 ppm,19.80 C,68.15 %
26/3/2021 1:40:00,840 ppm,19.80 C,68.18 %
26/3/2021 1:41:00,850 ppm,19.80 C,68.20 %
26/3/2021 1:42:00,860 ppm,19.79 C,68.21 %
26/3/2021 1:43:00,860 ppm,19.81 C,68.22 %
26/3/2021 1:44:00,860 ppm,19.79 C,68.05 %
26/3/2021 1:45:00,860 ppm,19.79 C,68.17 %
26/3/2021 1:46:00,860 ppm,19.81 C,68.20 %
26/3/2021 1:47:00,860 ppm,19.83 C,68.19 %
26/3/2021 1:48:00,870 ppm,19.84 C,68.15 %
26/3/2021 1:49:00,870 ppm,19.80 C,68.18 %
26/3/2021 1:50:00,880 ppm,19.83 C,68.15 %
26/3/2021 1:51:00,880 ppm,19.83 C,68.20 %
26/3/2021 1:52:00,880 ppm,19.83 C,68.19 %
26/3/2021 1:53:00,880 ppm,19.81 C,68.16 %
26/3/2021 1:54:00,870 ppm,19.83 C,68.07 %
26/3/2021 1:55:00,870 ppm,19.84 C,68.03 %
26/3/2021 1:56:00,870 ppm,19.83 C,67.99 %
26/3/2021 1:57:00,870 ppm,19.87 C,67.97 %
26/3/2021 1:58:00,870 ppm,19.84 C,67.89 %
26/3/2021 1:59:00,870 ppm,19.86 C,67.83 %
26/3/2021 2:00:00,870 ppm,19.86 C,67.79 %
26/3/2021 2:01:00,870 ppm,19.86 C,67.77 %
26/3/2021 2:02:00,870 ppm,19.87 C,67.72 %
26/3/2021 2:03:00,870 ppm,19.86 C,67.77 %
26/3/2021 2:04:00,870 ppm,19.86 C,67.68 %
26/3/2021 2:05:00,870 ppm,19.84 C,67.68 %
26/3/2021 2:06:00,870 ppm,19.86 C,67.67 %
26/3/2021 2:07:00,870 ppm,19.89 C,67.60 %
26/3/2021 2:08:00,870 ppm,19.89 C,67.61 %
26/3/2021 2:09:00,870 ppm,19.86 C,67.65 %
26/3/2021 2:10:00,870 ppm,19.87 C,67.62 %
26/3/2021 2:11:00,870 ppm,19.87 C,67.64 %
26/3/2021 2:12:00,870 ppm,19.89 C,67.65 %
26/3/2021 2:13:00,870 ppm,19.89 C,67.64 %
26/3/2021 2:14:00,870 ppm,19.86 C,67.69 %
26/3/2021 2:15:00,870 ppm,19.86 C,67.71 %
26/3/2021 2:16:00,880 ppm,19.86 C,67.71 %
26/3/2021 2:17:00,880 ppm,19.86 C,67.73 %
26/3/2021 2:18:00,880 ppm,19.89 C,67.75 %
26/3/2021 2:19:00,880 ppm,19.86 C,67.72 %
26/3/2021 2:20:00,880 ppm,19.86 C,67.71 %
26/3/2021 2:21:00,880 ppm,19.86 C,67.71 %
26/3/2021 2:22:00,880 ppm,19.87 C,67.72 %
26/3/2021 2:23:00,880 ppm,19.86 C,67.69 %
26/3/2021 2:24:00,880 ppm,19.87 C,67.70 %
26/3/2021 2:25:01,880 ppm,19.89 C,67.66 %
26/3/2021 2:25:59,880 ppm,19.90 C,67.67 %
26/3/2021 2:27:01,880 ppm,19.87 C,67.70 %
26/3/2021 2:28:01,880 ppm,19.91 C,67.69 %
26/3/2021 2:29:01,880 ppm,19.87 C,67.66 %
26/3/2021 2:30:01,890 ppm,19.89 C,67.67 %
26/3/2021 2:31:01,890 ppm,19.89 C,67.65 %
26/3/2021 2:32:01,890 ppm,19.89 C,67.58 %
26/3/2021 2:33:01,880 ppm,19.91 C,67.60 %
26/3/2021 2:34:01,890 ppm,19.90 C,67.62 %
26/3/2021 2:35:01,890 ppm,19.90 C,67.63 %
26/3/2021 2:36:01,890 ppm,19.93 C,67.63 %
26/3/2021 2:37:01,890 ppm,19.89 C,67.60 %
26/3/2021 2:38:01,900 ppm,19.89 C,67.63 %
26/3/2021 2:39:01,900 ppm,19.90 C,67.64 %
26/3/2021 2:40:01,900 ppm,19.90 C,67.63 %
26/3/2021 2:41:01,900 ppm,19.87 C,67.65 %
26/3/2021 2:42:01,900 ppm,19.91 C,67.66 %
26/3/2021 2:43:01,900 ppm,19.90 C,67.64 %
26/3/2021 2:43:59,900 ppm,19.91 C,67.62 %
26/3/2021 2:44:59,900 ppm,19.89 C,67.62 %
26/3/2021 2:45:59,900 ppm,19.91 C,67.67 %
26/3/2021 2:46:59,900 ppm,19.91 C,67.57 %
26/3/2021 2:47:59,900 ppm,19.90 C,67.60 %
26/3/2021 2:48:59,890 ppm,19.91 C,67.60 %
26/3/2021 2:49:59,890 ppm,19.89 C,67.58 %
26/3/2021 2:50:59,890 ppm,19.94 C,67.53 %
26/3/2021 2:51:59,890 ppm,19.89 C,67.52 %
26/3/2021 2:53:01,890 ppm,19.89 C,67.56 %
26/3/2021 2:54:01,890 ppm,19.91 C,67.54 %
26/3/2021 2:55:01,890 ppm,19.91 C,67.59 %
26/3/2021 2:56:01,890 ppm,19.89 C,67.52 %
26/3/2021 2:57:01,890 ppm,19.90 C,67.53 %
26/3/2021 2:58:01,890 ppm,19.90 C,67.48 %
26/3/2021 2:59:01,890 ppm,19.90 C,67.40 %
26/3/2021 2:59:59,880 ppm,19.89 C,67.38 %
26/3/2021 3:00:59,880 ppm,19.93 C,67.36 %
26/3/2021 3:01:59,880 ppm,19.91 C,67.28 %
26/3/2021 3:02:59,880 ppm,19.90 C,67.26 %
26/3/2021 3:03:59,880 ppm,19.91 C,67.22 %
26/3/2021 3:04:59,880 ppm,19.91 C,67.16 %
26/3/2021 3:05:59,880 ppm,19.90 C,67.17 %
26/3/2021 3:06:59,880 ppm,19.90 C,67.11 %
26/3/2021 3:07:59,880 ppm,19.89 C,67.10 %
26/3/2021 3:08:59,880 ppm,19.91 C,67.05 %
26/3/2021 3:09:59,880 ppm,19.90 C,66.99 %
26/3/2021 3:11:00,880 ppm,19.91 C,66.98 %
26/3/2021 3:12:00,870 ppm,19.87 C,66.94 %
26/3/2021 3:13:00,870 ppm,19.90 C,66.93 %
26/3/2021 3:14:00,870 ppm,19.91 C,66.78 %
26/3/2021 3:15:00,870 ppm,19.90 C,66.74 %
26/3/2021 3:16:00,860 ppm,19.90 C,66.73 %
26/3/2021 3:17:00,860 ppm,19.90 C,66.70 %
26/3/2021 3:18:00,860 ppm,19.86 C,66.64 %
26/3/2021 3:19:00,850 ppm,19.87 C,66.63 %
26/3/2021 3:20:00,860 ppm,19.87 C,66.56 %
26/3/2021 3:21:00,850 ppm,19.90 C,66.55 %
26/3/2021 3:22:00,850 ppm,19.90 C,66.58 %
26/3/2021 3:23:00,840 ppm,19.89 C,66.51 %
26/3/2021 3:24:00,840 ppm,19.87 C,66.42 %
26/3/2021 3:25:00,840 ppm,19.87 C,66.37 %
26/3/2021 3:26:00,840 ppm,19.90 C,66.35 %
26/3/2021 3:27:00,840 ppm,19.89 C,66.27 %
26/3/2021 3:28:00,840 ppm,19.90 C,66.26 %
26/3/2021 3:29:00,840 ppm,19.87 C,66.29 %
26/3/2021 3:30:00,840 ppm,19.86 C,66.27 %
26/3/2021 3:31:00,840 ppm,19.86 C,66.18 %
26/3/2021 3:32:00,840 ppm,19.86 C,66.14 %
26/3/2021 3:33:00,840 ppm,19.89 C,66.08 %
26/3/2021 3:34:00,840 ppm,19.87 C,66.05 %
26/3/2021 3:35:00,840 ppm,19.86 C,66.04 %
26/3/2021 3:36:00,840 ppm,19.87 C,65.98 %
26/3/2021 3:37:00,840 ppm,19.89 C,66.01 %
26/3/2021 3:38:00,830 ppm,19.90 C,65.91 %
26/3/2021 3:39:00,830 ppm,19.86 C,65.88 %
26/3/2021 3:40:00,830 ppm,19.86 C,65.95 %
26/3/2021 3:41:00,830 ppm,19.84 C,65.94 %
26/3/2021 3:42:00,820 ppm,19.83 C,65.98 %
26/3/2021 3:43:00,820 ppm,19.86 C,65.93 %
26/3/2021 3:44:00,820 ppm,19.83 C,65.87 %
26/3/2021 3:45:00,820 ppm,19.81 C,65.86 %
26/3/2021 3:46:00,810 ppm,19.81 C,65.74 %
26/3/2021 3:47:00,810 ppm,19.81 C,65.91 %
26/3/2021 3:48:00,810 ppm,19.81 C,65.83 %
26/3/2021 3:49:00,820 ppm,19.81 C,65.81 %
26/3/2021 3:50:00,810 ppm,19.83 C,65.76 %
26/3/2021 3:51:00,810 ppm,19.83 C,65.78 %
26/3/2021 3:52:00,820 ppm,19.83 C,65.74 %
26/3/2021 3:53:00,810 ppm,19.81 C,65.78 %
26/3/2021 3:54:00,820 ppm,19.81 C,65.74 %
26/3/2021 3:55:01,820 ppm,19.84 C,65.75 %
26/3/2021 3:56:01,820 ppm,19.80 C,65.71 %
26/3/2021 3:57:01,820 ppm,19.81 C,65.75 %
26/3/2021 3:58:01,810 ppm,19.81 C,65.68 %
26/3/2021 3:59:01,810 ppm,19.81 C,65.67 %
26/3/2021 4:00:01,810 ppm,19.81 C,65.66 %
26/3/2021 4:01:01,820 ppm,19.84 C,65.69 %
26/3/2021 4:02:01,820 ppm,19.83 C,65.66 %
26/3/2021 4:03:01,820 ppm,19.83 C,65.65 %
26/3/2021 4:04:01,820 ppm,19.83 C,65.59 %
26/3/2021 4:05:01,820 ppm,19.83 C,65.58 %
26/3/2021 4:06:01,820 ppm,19.84 C,65.62 %
26/3/2021 4:06:59,810 ppm,19.83 C,65.57 %
26/3/2021 4:07:59,810 ppm,19.83 C,65.54 %
26/3/2021 4:08:59,810 ppm,19.84 C,65.49 %
26/3/2021 4:09:59,810 ppm,19.84 C,65.51 %
26/3/2021 4:10:59,810 ppm,19.89 C,65.44 %
26/3/2021 4:12:01,800 ppm,19.80 C,65.66 %
26/3/2021 4:13:01,750 ppm,19.73 C,64.30 %
26/3/2021 4:14:01,610 ppm,19.60 C,63.99 %
26/3/2021 4:15:01,580 ppm,19.50 C,63.35 %
26/3/2021 4:16:01,560 ppm,19.42 C,63.54 %
26/3/2021 4:17:01,530 ppm,19.38 C,63.29 %
26/3/2021 4:18:01,520 ppm,19.31 C,63.32 %
26/3/2021 4:19:01,500 ppm,19.24 C,63.30 %
26/3/2021 4:20:01,480 ppm,19.06 C,63.77 %
26/3/2021 4:21:01,470 ppm,18.95 C,64.17 %
26/3/2021 4:22:01,460 ppm,18.87 C,64.31 %
26/3/2021 4:23:01,460 ppm,18.88 C,64.32 %
26/3/2021 4:24:01,460 ppm,18.91 C,64.28 %
26/3/2021 4:24:59,460 ppm,18.97 C,64.37 %
26/3/2021 4:25:59,460 ppm,19.01 C,64.48 %
26/3/2021 4:26:59,480 ppm,19.05 C,64.45 %
26/3/2021 4:27:59,480 ppm,19.11 C,64.35 %
26/3/2021 4:28:59,480 ppm,19.11 C,64.26 %
26/3/2021 4:29:59,480 ppm,19.14 C,64.38 %
26/3/2021 4:30:59,490 ppm,19.16 C,64.39 %
26/3/2021 4:31:59,490 ppm,19.19 C,64.80 %
26/3/2021 4:32:59,510 ppm,19.21 C,65.04 %
26/3/2021 4:33:59,510 ppm,19.25 C,64.93 %
26/3/2021 4:34:59,520 ppm,19.28 C,64.94 %
26/3/2021 4:35:59,530 ppm,19.25 C,64.89 %
26/3/2021 4:36:59,540 ppm,19.28 C,65.15 %
26/3/2021 4:37:59,550 ppm,19.29 C,65.20 %
26/3/2021 4:38:59,550 ppm,19.31 C,65.19 %
26/3/2021 4:40:01,560 ppm,19.32 C,65.00 %
26/3/2021 4:41:00,560 ppm,19.34 C,65.28 %
26/3/2021 4:42:00,570 ppm,19.34 C,65.17 %
26/3/2021 4:43:00,570 ppm,19.32 C,65.29 %
26/3/2021 4:44:00,580 ppm,19.36 C,65.11 %
26/3/2021 4:45:00,580 ppm,19.34 C,65.01 %
26/3/2021 4:46:00,580 ppm,19.32 C,64.86 %
26/3/2021 4:47:00,570 ppm,19.29 C,65.20 %
26/3/2021 4:48:00,580 ppm,19.29 C,65.14 %
26/3/2021 4:49:00,590 ppm,19.34 C,65.05 %
26/3/2021 4:50:00,590 ppm,19.31 C,64.86 %
26/3/2021 4:51:00,590 ppm,19.32 C,64.91 %
26/3/2021 4:52:00,590 ppm,19.31 C,65.04 %
26/3/2021 4:53:00,600 ppm,19.34 C,64.81 %
26/3/2021 4:54:00,600 ppm,19.35 C,65.25 %
26/3/2021 4:55:00,610 ppm,19.35 C,65.00 %
26/3/2021 4:56:00,610 ppm,19.32 C,65.08 %
26/3/2021 4:57:00,570 ppm,19.26 C,64.57 %
26/3/2021 4:58:00,550 ppm,19.25 C,63.52 %
26/3/2021 4:59:00,540 ppm,19.29 C,64.01 %
26/3/2021 5:00:00,550 ppm,19.28 C,64.21 %
26/3/2021 5:01:00,560 ppm,19.32 C,64.60 %
26/3/2021 5:02:00,580 ppm,19.29 C,64.41 %
26/3/2021 5:03:00,570 ppm,19.32 C,64.66 %
26/3/2021 5:04:00,580 ppm,19.34 C,64.65 %
26/3/2021 5:05:00,580 ppm,19.35 C,64.72 %
26/3/2021 5:06:00,590 ppm,19.34 C,64.59 %
26/3/2021 5:07:00,610 ppm,19.35 C,64.74 %
26/3/2021 5:08:00,610 ppm,19.35 C,64.68 %
26/3/2021 5:09:00,620 ppm,19.35 C,64.70 %
26/3/2021 5:10:00,630 ppm,19.36 C,64.80 %
26/3/2021 5:11:00,640 ppm,19.36 C,64.79 %
26/3/2021 5:12:00,650 ppm,19.36 C,64.86 %
26/3/2021 5:13:00,650 ppm,19.38 C,64.90 %
26/3/2021 5:14:00,650 ppm,19.39 C,64.91 %
26/3/2021 5:15:00,670 ppm,19.39 C,64.89 %
26/3/2021 5:16:00,680 ppm,19.39 C,64.87 %
26/3/2021 5:17:00,690 ppm,19.41 C,64.79 %
26/3/2021 5:18:00,690 ppm,19.42 C,64.77 %
26/3/2021 5:19:00,690 ppm,19.42 C,64.85 %
26/3/2021 5:20:00,700 ppm,19.44 C,64.87 %
26/3/2021 5:21:00,690 ppm,19.42 C,64.84 %
26/3/2021 5:22:00,700 ppm,19.42 C,64.81 %
26/3/2021 5:23:00,700 ppm,19.41 C,64.89 %
26/3/2021 5:24:00,710 ppm,19.41 C,64.97 %
26/3/2021 5:25:00,710 ppm,19.44 C,64.93 %
26/3/2021 5:26:00,720 ppm,19.42 C,64.99 %
26/3/2021 5:27:00,720 ppm,19.41 C,64.98 %
26/3/2021 5:28:00,730 ppm,19.39 C,65.02 %
26/3/2021 5:29:00,730 ppm,19.41 C,65.04 %
26/3/2021 5:30:00,740 ppm,19.44 C,65.06 %
26/3/2021 5:31:01,740 ppm,19.41 C,65.04 %
26/3/2021 5:31:59,750 ppm,19.41 C,65.00 %
26/3/2021 5:33:01,740 ppm,19.41 C,65.09 %
26/3/2021 5:34:01,740 ppm,19.38 C,65.02 %
26/3/2021 5:35:01,760 ppm,19.41 C,65.12 %
26/3/2021 5:36:01,760 ppm,19.42 C,65.08 %
26/3/2021 5:37:01,770 ppm,19.39 C,65.11 %
26/3/2021 5:38:01,770 ppm,19.39 C,65.19 %
26/3/2021 5:39:01,780 ppm,19.41 C,65.16 %
26/3/2021 5:40:01,780 ppm,19.41 C,65.18 %
26/3/2021 5:41:01,780 ppm,19.41 C,65.21 %
26/3/2021 5:42:01,790 ppm,19.39 C,65.13 %
26/3/2021 5:43:01,780 ppm,19.42 C,65.17 %
26/3/2021 5:44:01,790 ppm,19.39 C,65.24 %
26/3/2021 5:45:01,800 ppm,19.41 C,65.25 %
26/3/2021 5:46:01,800 ppm,19.41 C,65.29 %
26/3/2021 5:47:01,800 ppm,19.41 C,65.31 %
26/3/2021 5:48:01,830 ppm,19.44 C,65.48 %
26/3/2021 5:49:01,830 ppm,19.44 C,65.40 %
26/3/2021 5:50:01,830 ppm,19.44 C,65.39 %
26/3/2021 5:50:59,830 ppm,19.42 C,65.41 %
26/3/2021 5:51:59,830 ppm,19.44 C,65.38 %
26/3/2021 5:52:59,830 ppm,19.44 C,65.38 %
26/3/2021 5:53:59,830 ppm,19.44 C,65.37 %
26/3/2021 5:54:59,840 ppm,19.45 C,65.36 %
26/3/2021 5:55:59,850 ppm,19.45 C,65.34 %
26/3/2021 5:56:59,860 ppm,19.41 C,65.38 %
26/3/2021 5:57:59,850 ppm,19.39 C,65.35 %
26/3/2021 5:58:59,870 ppm,19.41 C,65.36 %
26/3/2021 5:59:59,860 ppm,19.44 C,65.37 %
26/3/2021 6:00:59,880 ppm,19.44 C,65.40 %
26/3/2021 6:01:59,880 ppm,19.42 C,65.42 %
26/3/2021 6:02:59,890 ppm,19.41 C,65.48 %
26/3/2021 6:04:01,890 ppm,19.42 C,65.47 %
26/3/2021 6:05:01,900 ppm,19.44 C,65.43 %
26/3/2021 6:06:01,910 ppm,19.41 C,65.47 %
26/3/2021 6:07:01,920 ppm,19.41 C,65.48 %
26/3/2021 6:07:59,920 ppm,19.42 C,65.49 %
26/3/2021 6:08:59,930 ppm,19.41 C,65.44 %
26/3/2021 6:10:00,930 ppm,19.44 C,65.48 %
26/3/2021 6:11:00,930 ppm,19.44 C,65.44 %
26/3/2021 6:12:00,940 ppm,19.44 C,65.48 %
26/3/2021 6:13:00,950 ppm,19.42 C,65.49 %
26/3/2021 6:14:00,950 ppm,19.38 C,65.53 %
26/3/2021 6:15:00,950 ppm,19.41 C,65.53 %
26/3/2021 6:16:00,960 ppm,19.39 C,65.55 %
26/3/2021 6:17:00,960 ppm,19.41 C,65.48 %
26/3/2021 6:18:00,950 ppm,19.41 C,65.49 %
26/3/2021 6:19:00,970 ppm,19.44 C,65.48 %
26/3/2021 6:20:00,970 ppm,19.38 C,65.50 %
26/3/2021 6:21:00,970 ppm,19.39 C,65.58 %
26/3/2021 6:22:00,980 ppm,19.41 C,65.62 %
26/3/2021 6:23:00,990 ppm,19.39 C,65.62 %
26/3/2021 6:24:00,990 ppm,19.39 C,65.55 %
26/3/2021 6:25:00,990 ppm,19.38 C,65.55 %
26/3/2021 6:26:00,1000 ppm,19.38 C,65.58 %
26/3/2021 6:27:00,1000 ppm,19.38 C,65.51 %
26/3/2021 6:28:00,1000 ppm,19.39 C,65.58 %
26/3/2021 6:29:00,990 ppm,19.39 C,65.50 %
26/3/2021 6:30:00,990 ppm,19.39 C,65.60 %
26/3/2021 6:31:00,1010 ppm,19.38 C,65.60 %
26/3/2021 6:32:00,1010 ppm,19.38 C,65.60 %
26/3/2021 6:33:00,1000 ppm,19.36 C,65.57 %
26/3/2021 6:34:00,1000 ppm,19.38 C,65.55 %
26/3/2021 6:35:00,1020 ppm,19.36 C,65.60 %
26/3/2021 6:36:00,1020 ppm,19.36 C,65.61 %
26/3/2021 6:37:00,1040 ppm,19.36 C,65.70 %
26/3/2021 6:38:00,1040 ppm,19.39 C,65.62 %
26/3/2021 6:39:00,1050 ppm,19.39 C,65.68 %
26/3/2021 6:40:00,1060 ppm,19.39 C,65.65 %
26/3/2021 6:41:00,1070 ppm,19.45 C,65.63 %
26/3/2021 6:42:00,1060 ppm,19.42 C,65.70 %
26/3/2021 6:43:00,1100 ppm,19.41 C,65.81 %
26/3/2021 6:44:00,1100 ppm,19.41 C,65.74 %
26/3/2021 6:45:00,1090 ppm,19.38 C,65.69 %
26/3/2021 6:46:00,1070 ppm,19.39 C,65.76 %
26/3/2021 6:47:00,1070 ppm,19.38 C,65.75 %
26/3/2021 6:48:00,1060 ppm,19.38 C,65.78 %
26/3/2021 6:49:00,1060 ppm,19.35 C,65.82 %
26/3/2021 6:50:00,1070 ppm,19.35 C,65.80 %
26/3/2021 6:51:00,1070 ppm,19.35 C,65.83 %
26/3/2021 6:52:00,1080 ppm,19.35 C,65.82 %
26/3/2021 6:53:00,1090 ppm,19.34 C,65.74 %
26/3/2021 6:54:00,1080 ppm,19.35 C,65.86 %
26/3/2021 6:55:00,1090 ppm,19.31 C,65.82 %
26/3/2021 6:56:00,1100 ppm,19.34 C,65.81 %
26/3/2021 6:57:00,1090 ppm,19.31 C,65.92 %
26/3/2021 6:58:00,1110 ppm,19.31 C,65.88 %
26/3/2021 6:59:01,1110 ppm,19.31 C,65.91 %
26/3/2021 7:00:01,1110 ppm,19.29 C,65.91 %
26/3/2021 7:01:01,1120 ppm,19.32 C,65.85 %
26/3/2021 7:02:01,1130 ppm,19.32 C,65.92 %
26/3/2021 7:03:01,1130 ppm,19.31 C,65.86 %
26/3/2021 7:04:01,1150 ppm,19.29 C,66.09 %
26/3/2021 7:05:01,1160 ppm,19.32 C,66.04 %
26/3/2021 7:06:01,1150 ppm,19.29 C,65.87 %
26/3/2021 7:07:01,1140 ppm,19.28 C,65.93 %
26/3/2021 7:08:01,1140 ppm,19.29 C,65.90 %
26/3/2021 7:09:01,1150 ppm,19.26 C,66.04 %
26/3/2021 7:10:01,1160 ppm,19.28 C,65.98 %
26/3/2021 7:11:01,1160 ppm,19.25 C,65.99 %
26/3/2021 7:12:01,1160 ppm,19.28 C,65.89 %
26/3/2021 7:13:01,1160 ppm,19.26 C,65.87 %
26/3/2021 7:13:59,1150 ppm,19.28 C,66.00 %
26/3/2021 7:14:59,1160 ppm,19.25 C,65.93 %
26/3/2021 7:15:59,1160 ppm,19.25 C,65.91 %
26/3/2021 7:16:59,1160 ppm,19.26 C,65.90 %
26/3/2021 7:17:59,1160 ppm,19.25 C,65.88 %
26/3/2021 7:18:59,1160 ppm,19.24 C,65.92 %
26/3/2021 7:20:01,1160 ppm,19.25 C,65.86 %
26/3/2021 7:21:01,1160 ppm,19.22 C,65.89 %
26/3/2021 7:22:01,1160 ppm,19.24 C,65.89 %
26/3/2021 7:23:01,1170 ppm,19.24 C,65.93 %
26/3/2021 7:24:01,1170 ppm,19.22 C,65.96 %
26/3/2021 7:25:01,1180 ppm,19.21 C,65.93 %
26/3/2021 7:26:01,1190 ppm,19.22 C,65.89 %
26/3/2021 7:27:01,1190 ppm,19.21 C,65.91 %
26/3/2021 7:28:01,1170 ppm,19.22 C,65.95 %
26/3/2021 7:29:01,1180 ppm,19.21 C,65.96 %
26/3/2021 7:30:01,1180 ppm,19.21 C,65.92 %
26/3/2021 7:30:59,1190 ppm,19.22 C,65.94 %
26/3/2021 7:31:59,1190 ppm,19.21 C,65.93 %
26/3/2021 7:32:59,1200 ppm,19.22 C,65.93 %
26/3/2021 7:33:59,1200 ppm,19.21 C,65.94 %
26/3/2021 7:34:59,1210 ppm,19.22 C,65.98 %
26/3/2021 7:35:59,1220 ppm,19.21 C,65.98 %
26/3/2021 7:36:59,1220 ppm,19.19 C,65.99 %
26/3/2021 7:37:59,1210 ppm,19.21 C,66.05 %
26/3/2021 7:38:59,1230 ppm,19.19 C,66.07 %
26/3/2021 7:39:59,1230 ppm,19.18 C,66.06 %
26/3/2021 7:40:59,1230 ppm,19.18 C,66.10 %
26/3/2021 7:41:59,1240 ppm,19.19 C,66.15 %
26/3/2021 7:42:59,1240 ppm,19.16 C,66.15 %
26/3/2021 7:44:00,1250 ppm,19.16 C,66.19 %
26/3/2021 7:45:00,1250 ppm,19.18 C,66.17 %
26/3/2021 7:46:00,1250 ppm,19.15 C,66.23 %
26/3/2021 7:47:00,1260 ppm,19.18 C,66.19 %
26/3/2021 7:48:00,1270 ppm,19.18 C,66.19 %
26/3/2021 7:49:00,1270 ppm,19.16 C,66.19 %
26/3/2021 7:50:00,1280 ppm,19.16 C,66.24 %
26/3/2021 7:51:00,1280 ppm,19.16 C,66.20 %
26/3/2021 7:52:00,1280 ppm,19.16 C,66.22 %
26/3/2021 7:53:00,1280 ppm,19.15 C,66.23 %
26/3/2021 7:54:00,1280 ppm,19.18 C,66.30 %
26/3/2021 7:55:00,1290 ppm,19.15 C,66.38 %
26/3/2021 7:56:00,1290 ppm,19.16 C,66.40 %
26/3/2021 7:57:00,1290 ppm,19.15 C,66.27 %
26/3/2021 7:58:00,1300 ppm,19.14 C,66.39 %
26/3/2021 7:59:00,1310 ppm,19.16 C,66.32 %
26/3/2021 8:00:00,1310 ppm,19.16 C,66.40 %
26/3/2021 8:01:00,1300 ppm,19.14 C,66.33 %
26/3/2021 8:02:00,1310 ppm,19.14 C,66.34 %
26/3/2021 8:03:00,1300 ppm,19.16 C,66.32 %
26/3/2021 8:04:00,1300 ppm,19.16 C,66.37 %
26/3/2021 8:05:00,1310 ppm,19.18 C,66.36 %
26/3/2021 8:06:00,1320 ppm,19.16 C,66.36 %
26/3/2021 8:07:00,1330 ppm,19.16 C,66.41 %
26/3/2021 8:08:00,1320 ppm,19.18 C,66.39 %
26/3/2021 8:09:00,1320 ppm,19.19 C,66.37 %
26/3/2021 8:10:00,1330 ppm,19.19 C,66.42 %
26/3/2021 8:11:00,1330 ppm,19.18 C,66.45 %
26/3/2021 8:12:00,1340 ppm,19.15 C,66.47 %
26/3/2021 8:13:00,1340 ppm,19.16 C,66.47 %
26/3/2021 8:14:00,1340 ppm,19.16 C,66.50 %
26/3/2021 8:15:00,1340 ppm,19.16 C,66.58 %
26/3/2021 8:16:00,1350 ppm,19.18 C,66.54 %
26/3/2021 8:17:00,1360 ppm,19.19 C,66.55 %
26/3/2021 8:18:00,1360 ppm,19.18 C,66.53 %
26/3/2021 8:19:00,1360 ppm,19.18 C,66.59 %
26/3/2021 8:20:00,1370 ppm,19.16 C,66.66 %
26/3/2021 8:21:00,1370 ppm,19.16 C,66.70 %
26/3/2021 8:22:00,1370 ppm,19.18 C,66.67 %
26/3/2021 8:23:00,1370 ppm,19.16 C,66.68 %
26/3/2021 8:24:00,1370 ppm,19.15 C,66.70 %
26/3/2021 8:25:00,1370 ppm,19.16 C,66.78 %
26/3/2021 8:26:00,1380 ppm,19.14 C,66.76 %
26/3/2021 8:27:00,1380 ppm,19.15 C,66.76 %
26/3/2021 8:28:00,1380 ppm,19.15 C,66.83 %
26/3/2021 8:29:00,1380 ppm,19.14 C,66.81 %
26/3/2021 8:30:00,1370 ppm,19.14 C,66.69 %
26/3/2021 8:31:00,1370 ppm,19.15 C,66.73 %
26/3/2021 8:32:01,1360 ppm,19.14 C,66.68 %
26/3/2021 8:33:01,1370 ppm,19.14 C,66.69 %
26/3/2021 8:34:01,1380 ppm,19.14 C,66.79 %
26/3/2021 8:35:01,1380 ppm,19.15 C,66.81 %
26/3/2021 8:36:01,1390 ppm,19.16 C,66.92 %
26/3/2021 8:37:01,1390 ppm,19.14 C,66.87 %
26/3/2021 8:38:01,1390 ppm,19.14 C,66.79 %
26/3/2021 8:38:59,1390 ppm,19.15 C,66.85 %
26/3/2021 8:39:59,1390 ppm,19.14 C,66.85 %
26/3/2021 8:41:01,1390 ppm,19.14 C,66.86 %
26/3/2021 8:42:01,1400 ppm,19.14 C,66.85 %
26/3/2021 8:43:01,1400 ppm,19.14 C,66.96 %
26/3/2021 8:44:01,1400 ppm,19.11 C,66.86 %
26/3/2021 8:45:01,1410 ppm,19.11 C,66.94 %
26/3/2021 8:46:01,1420 ppm,19.15 C,67.03 %
26/3/2021 8:47:01,1420 ppm,19.12 C,67.03 %
26/3/2021 8:48:01,1420 ppm,19.11 C,67.03 %
26/3/2021 8:49:01,1420 ppm,19.14 C,67.05 %
26/3/2021 8:50:01,1430 ppm,19.12 C,67.13 %
26/3/2021 8:51:01,1430 ppm,19.12 C,67.13 %
26/3/2021 8:52:01,1430 ppm,19.09 C,67.08 %
26/3/2021 8:53:01,1440 ppm,19.09 C,67.11 %
26/3/2021 8:54:01,1440 ppm,19.12 C,67.15 %
26/3/2021 8:55:01,1440 ppm,19.09 C,67.16 %
26/3/2021 8:56:01,1440 ppm,19.11 C,67.21 %
26/3/2021 8:56:59,1440 ppm,19.09 C,67.14 %
26/3/2021 8:57:59,1450 ppm,19.14 C,67.10 %
26/3/2021 8:58:59,1450 ppm,19.12 C,67.15 %
26/3/2021 8:59:59,1460 ppm,19.12 C,67.22 %
26/3/2021 9:00:59,1450 ppm,19.11 C,67.06 %
26/3/2021 9:01:59,1450 ppm,19.14 C,67.09 %
26/3/2021 9:02:59,1460 ppm,19.14 C,67.07 %
26/3/2021 9:03:59,1450 ppm,19.12 C,67.03 %
26/3/2021 9:04:59,1460 ppm,19.11 C,67.14 %
26/3/2021 9:05:59,1450 ppm,19.11 C,67.19 %
26/3/2021 9:06:59,1460 ppm,19.11 C,67.18 %
26/3/2021 9:07:59,1460 ppm,19.14 C,67.20 %
26/3/2021 9:08:59,1470 ppm,19.12 C,67.12 %
26/3/2021 9:09:59,1470 ppm,19.12 C,67.26 %
26/3/2021 9:11:01,1470 ppm,19.12 C,67.15 %
26/3/2021 9:12:01,1470 ppm,19.12 C,67.28 %
26/3/2021 9:13:01,1460 ppm,19.15 C,67.18 %
26/3/2021 9:14:01,1460 ppm,19.12 C,67.20 %
26/3/2021 9:14:59,1450 ppm,19.11 C,67.19 %
26/3/2021 9:15:59,1460 ppm,19.12 C,67.12 %
26/3/2021 9:16:59,1460 ppm,19.14 C,67.19 %
26/3/2021 9:18:00,1460 ppm,19.12 C,67.10 %
26/3/2021 9:19:00,1460 ppm,19.14 C,67.17 %
26/3/2021 9:20:00,1460 ppm,19.14 C,67.25 %
26/3/2021 9:21:00,1470 ppm,19.09 C,67.14 %
26/3/2021 9:22:00,1470 ppm,19.12 C,67.26 %
26/3/2021 9:23:00,1490 ppm,19.14 C,67.31 %
26/3/2021 9:24:00,1470 ppm,19.11 C,67.24 %
26/3/2021 9:25:00,1480 ppm,19.11 C,67.30 %
26/3/2021 9:26:00,1470 ppm,19.12 C,67.19 %
26/3/2021 9:27:00,1470 ppm,19.11 C,67.22 %
26/3/2021 9:28:00,1470 ppm,19.12 C,67.12 %
26/3/2021 9:29:00,1470 ppm,19.14 C,67.07 %
26/3/2021 9:30:00,1470 ppm,19.12 C,67.10 %
26/3/2021 9:31:00,1460 ppm,19.14 C,67.07 %
26/3/2021 9:32:00,1490 ppm,19.14 C,67.05 %
26/3/2021 9:33:00,1490 ppm,19.15 C,67.19 %
26/3/2021 9:34:00,1500 ppm,19.12 C,67.19 %
26/3/2021 9:35:00,1510 ppm,19.14 C,67.21 %
26/3/2021 9:36:00,1500 ppm,19.12 C,67.28 %
26/3/2021 9:37:00,1510 ppm,19.14 C,67.22 %
26/3/2021 9:38:00,1520 ppm,19.11 C,67.24 %
26/3/2021 9:39:00,1510 ppm,19.14 C,67.25 %
26/3/2021 9:40:00,1510 ppm,19.14 C,67.35 %
26/3/2021 9:41:00,1530 ppm,19.12 C,67.37 %
26/3/2021 9:42:00,1530 ppm,19.15 C,67.35 %
26/3/2021 9:43:00,1530 ppm,19.14 C,67.34 %
26/3/2021 9:44:00,1530 ppm,19.14 C,67.34 %
26/3/2021 9:45:00,1540 ppm,19.12 C,67.30 %
26/3/2021 9:46:00,1550 ppm,19.15 C,67.32 %
26/3/2021 9:47:00,1550 ppm,19.12 C,67.28 %
26/3/2021 9:48:00,1540 ppm,19.12 C,67.39 %
26/3/2021 9:49:00,1540 ppm,19.12 C,67.43 %
26/3/2021 9:50:00,1550 ppm,19.11 C,67.39 %
26/3/2021 9:51:00,1550 ppm,19.12 C,67.50 %
26/3/2021 9:52:00,1560 ppm,19.11 C,67.49 %
26/3/2021 9:53:00,1560 ppm,19.12 C,67.49 %
26/3/2021 9:54:00,1560 ppm,19.12 C,67.48 %
26/3/2021 9:55:00,1570 ppm,19.12 C,67.44 %
26/3/2021 9:56:00,1570 ppm,19.11 C,67.48 %
26/3/2021 9:57:00,1570 ppm,19.11 C,67.43 %
26/3/2021 9:58:00,1570 ppm,19.14 C,67.48 %
26/3/2021 9:59:00,1570 ppm,19.12 C,67.46 %
26/3/2021 10:00:00,1570 ppm,19.12 C,67.49 %
26/3/2021 10:01:00,1570 ppm,19.12 C,67.55 %
26/3/2021 10:02:00,1570 ppm,19.12 C,67.56 %
26/3/2021 10:03:00,1570 ppm,19.12 C,67.56 %
26/3/2021 10:04:00,1570 ppm,19.14 C,67.56 %
26/3/2021 10:05:00,1560 ppm,19.11 C,67.57 %
26/3/2021 10:06:01,1560 ppm,19.11 C,67.57 %
26/3/2021 10:07:01,1570 ppm,19.12 C,67.59 %
26/3/2021 10:08:01,1570 ppm,19.09 C,67.57 %
26/3/2021 10:09:01,1570 ppm,19.12 C,67.58 %
26/3/2021 10:10:01,1570 ppm,19.11 C,67.65 %
26/3/2021 10:11:01,1570 ppm,19.11 C,67.62 %
26/3/2021 10:12:01,1570 ppm,19.11 C,67.64 %
26/3/2021 10:13:01,1600 ppm,19.12 C,67.60 %
26/3/2021 10:14:01,1590 ppm,19.14 C,67.66 %
26/3/2021 10:15:01,1580 ppm,19.12 C,67.51 %
26/3/2021 10:16:01,1590 ppm,19.14 C,67.57 %
26/3/2021 10:17:01,1590 ppm,19.15 C,67.56 %
26/3/2021 10:18:01,1600 ppm,19.12 C,67.79 %
26/3/2021 10:19:01,1590 ppm,19.14 C,67.56 %
26/3/2021 10:20:01,1580 ppm,19.12 C,67.61 %
26/3/2021 10:21:01,1590 ppm,19.15 C,67.61 %
26/3/2021 10:22:01,1590 ppm,19.14 C,67.75 %
26/3/2021 10:23:01,1590 ppm,19.15 C,67.50 %
26/3/2021 10:23:59,1590 ppm,19.14 C,67.54 %
26/3/2021 10:24:59,1600 ppm,19.15 C,67.54 %
26/3/2021 10:25:59,1590 ppm,19.15 C,67.54 %
26/3/2021 10:26:59,1610 ppm,19.15 C,67.57 %
26/3/2021 10:27:59,1600 ppm,19.12 C,67.54 %
26/3/2021 10:28:59,1600 ppm,19.15 C,67.83 %
26/3/2021 10:29:59,1610 ppm,19.16 C,67.53 %
26/3/2021 10:30:59,1600 ppm,19.16 C,67.59 %
26/3/2021 10:31:59,1600 ppm,19.14 C,67.56 %
26/3/2021 10:33:01,1610 ppm,19.14 C,67.50 %
26/3/2021 10:34:01,1610 ppm,19.16 C,67.56 %
26/3/2021 10:35:01,1620 ppm,19.18 C,67.56 %
26/3/2021 10:36:01,1620 ppm,19.16 C,67.66 %
26/3/2021 10:37:01,1620 ppm,19.16 C,67.64 %
26/3/2021 10:38:01,1630 ppm,19.15 C,67.70 %
26/3/2021 10:39:01,1630 ppm,19.15 C,67.60 %
26/3/2021 10:40:01,1630 ppm,19.15 C,67.63 %
26/3/2021 10:41:01,1640 ppm,19.15 C,67.67 %
26/3/2021 10:41:59,1640 ppm,19.15 C,67.68 %
26/3/2021 10:42:59,1650 ppm,19.18 C,67.67 %
26/3/2021 10:43:59,1640 ppm,19.18 C,67.67 %
26/3/2021 10:44:59,1640 ppm,19.15 C,67.62 %
26/3/2021 10:45:59,1640 ppm,19.16 C,67.65 %
26/3/2021 10:46:59,1640 ppm,19.19 C,67.71 %
26/3/2021 10:47:59,1640 ppm,19.16 C,67.72 %
26/3/2021 10:48:59,1650 ppm,19.16 C,67.71 %
26/3/2021 10:49:59,1650 ppm,19.18 C,67.78 %
26/3/2021 10:50:59,1650 ppm,19.18 C,67.57 %
26/3/2021 10:52:00,1650 ppm,19.18 C,67.67 %
26/3/2021 10:53:00,1650 ppm,19.19 C,67.71 %
26/3/2021 10:54:00,1650 ppm,19.21 C,67.76 %
26/3/2021 10:55:00,1650 ppm,19.16 C,67.71 %
26/3/2021 10:56:00,1660 ppm,19.16 C,67.68 %
26/3/2021 10:57:00,1660 ppm,19.18 C,67.68 %
26/3/2021 10:58:00,1660 ppm,19.18 C,67.71 %
26/3/2021 10:59:00,1660 ppm,19.16 C,67.72 %
26/3/2021 11:00:00,1660 ppm,19.16 C,67.78 %
26/3/2021 11:01:00,1670 ppm,19.16 C,67.84 %
26/3/2021 11:02:00,1670 ppm,19.18 C,67.91 %
26/3/2021 11:03:00,1670 ppm,19.18 C,67.77 %
26/3/2021 11:04:00,1670 ppm,19.18 C,67.82 %
26/3/2021 11:05:00,1670 ppm,19.19 C,67.76 %
26/3/2021 11:06:00,1660 ppm,19.18 C,67.81 %
26/3/2021 11:07:00,1670 ppm,19.18 C,67.73 %
26/3/2021 11:08:00,1670 ppm,19.19 C,67.84 %
26/3/2021 11:09:00,1670 ppm,19.18 C,67.74 %
26/3/2021 11:10:00,1680 ppm,19.19 C,67.70 %
26/3/2021 11:11:00,1700 ppm,19.21 C,67.86 %
26/3/2021 11:12:00,1700 ppm,19.22 C,67.70 %
26/3/2021 11:13:00,1690 ppm,19.21 C,67.71 %
26/3/2021 11:14:00,1690 ppm,19.24 C,68.02 %
26/3/2021 11:15:00,1710 ppm,19.24 C,67.69 %
26/3/2021 11:16:00,1750 ppm,19.26 C,68.00 %
26/3/2021 11:17:00,1750 ppm,19.29 C,67.59 %
26/3/2021 11:18:00,1730 ppm,19.26 C,67.48 %
26/3/2021 11:19:00,1740 ppm,19.25 C,67.47 %
26/3/2021 11:20:00,1740 ppm,19.26 C,67.64 %
26/3/2021 11:21:00,1740 ppm,19.26 C,67.66 %
26/3/2021 11:22:00,1750 ppm,19.28 C,67.79 %
26/3/2021 11:23:00,1750 ppm,19.25 C,67.73 %
26/3/2021 11:24:00,1750 ppm,19.28 C,67.86 %
26/3/2021 11:25:00,1740 ppm,19.28 C,67.72 %
26/3/2021 11:26:00,1760 ppm,19.29 C,67.82 %
26/3/2021 11:27:00,1760 ppm,19.29 C,67.76 %
26/3/2021 11:28:00,1760 ppm,19.28 C,67.72 %
26/3/2021 11:29:00,1760 ppm,19.29 C,67.78 %
26/3/2021 11:30:00,1760 ppm,19.28 C,67.83 %
26/3/2021 11:31:00,1760 ppm,19.29 C,67.73 %
26/3/2021 11:32:00,1770 ppm,19.29 C,67.59 %
26/3/2021 11:33:00,1750 ppm,19.25 C,67.84 %
26/3/2021 11:34:00,1750 ppm,19.25 C,67.80 %
26/3/2021 11:35:00,1750 ppm,19.26 C,67.76 %
26/3/2021 11:36:00,1760 ppm,19.25 C,67.82 %
26/3/2021 11:37:01,1760 ppm,19.28 C,67.97 %
26/3/2021 11:38:01,1760 ppm,19.28 C,67.68 %
26/3/2021 11:39:01,1760 ppm,19.28 C,67.88 %
26/3/2021 11:40:01,1760 ppm,19.28 C,67.80 %
26/3/2021 11:41:01,1750 ppm,19.26 C,67.91 %
26/3/2021 11:42:01,1750 ppm,19.28 C,67.84 %
26/3/2021 11:43:01,1760 ppm,19.29 C,67.79 %
26/3/2021 11:44:01,1770 ppm,19.28 C,67.87 %
26/3/2021 11:45:01,1760 ppm,19.26 C,67.66 %
26/3/2021 11:46:01,1760 ppm,19.28 C,67.79 %
26/3/2021 11:47:01,1760 ppm,19.29 C,67.55 %
26/3/2021 11:48:01,1770 ppm,19.29 C,67.82 %
26/3/2021 11:49:01,1780 ppm,19.26 C,67.58 %
26/3/2021 11:49:59,1780 ppm,19.29 C,67.80 %
26/3/2021 11:50:59,1780 ppm,19.29 C,67.67 %
26/3/2021 11:51:59,1790 ppm,19.29 C,67.66 %
26/3/2021 11:52:59,1790 ppm,19.29 C,67.62 %
26/3/2021 11:53:59,1790 ppm,19.31 C,67.89 %
26/3/2021 11:55:01,1790 ppm,19.29 C,67.85 %
26/3/2021 11:56:01,1780 ppm,19.31 C,67.83 %
26/3/2021 11:57:01,1770 ppm,19.29 C,67.85 %
26/3/2021 11:58:01,1770 ppm,19.29 C,67.66 %
26/3/2021 11:59:01,1780 ppm,19.28 C,67.79 %
26/3/2021 12:00:01,1790 ppm,19.31 C,68.03 %
26/3/2021 12:01:01,1790 ppm,19.29 C,67.79 %
26/3/2021 12:02:01,1790 ppm,19.29 C,67.89 %
26/3/2021 12:03:01,1790 ppm,19.29 C,67.78 %
26/3/2021 12:04:01,1800 ppm,19.29 C,67.70 %
26/3/2021 12:05:01,1800 ppm,19.31 C,68.10 %
26/3/2021 12:06:01,1810 ppm,19.31 C,67.80 %
26/3/2021 12:06:59,1810 ppm,19.28 C,67.80 %
26/3/2021 12:07:59,1780 ppm,19.28 C,67.89 %
26/3/2021 12:08:59,1800 ppm,19.28 C,67.83 %
26/3/2021 12:09:59,1810 ppm,19.31 C,67.78 %
26/3/2021 12:10:59,1800 ppm,19.29 C,67.80 %
26/3/2021 12:11:59,1790 ppm,19.28 C,67.77 %
26/3/2021 12:12:59,1780 ppm,19.31 C,67.87 %
26/3/2021 12:13:59,1760 ppm,19.31 C,68.09 %
26/3/2021 12:14:59,1780 ppm,19.26 C,67.86 %
26/3/2021 12:15:59,1810 ppm,19.29 C,68.21 %
26/3/2021 12:16:59,1820 ppm,19.29 C,68.11 %
26/3/2021 12:17:59,1800 ppm,19.31 C,68.00 %
26/3/2021 12:18:59,1800 ppm,19.29 C,68.11 %
26/3/2021 12:19:59,1790 ppm,19.29 C,68.08 %
26/3/2021 12:20:59,1790 ppm,19.28 C,68.31 %
26/3/2021 12:22:01,1820 ppm,19.29 C,68.42 %
26/3/2021 12:23:01,1840 ppm,19.29 C,68.45 %
26/3/2021 12:23:59,1820 ppm,19.29 C,68.34 %
26/3/2021 12:24:59,1820 ppm,19.26 C,68.53 %
26/3/2021 12:26:00,1860 ppm,19.29 C,68.23 %
26/3/2021 12:27:00,1860 ppm,19.31 C,68.04 %
26/3/2021 12:28:00,1880 ppm,19.31 C,68.18 %
26/3/2021 12:29:00,1870 ppm,19.31 C,68.06 %
26/3/2021 12:30:00,1880 ppm,19.28 C,68.22 %
26/3/2021 12:31:00,1870 ppm,19.35 C,68.30 %
26/3/2021 12:32:00,1900 ppm,19.34 C,68.24 %
26/3/2021 12:33:00,1900 ppm,19.34 C,68.10 %
26/3/2021 12:34:00,1900 ppm,19.34 C,67.96 %
26/3/2021 12:35:00,1910 ppm,19.35 C,68.31 %
26/3/2021 12:36:00,1910 ppm,19.34 C,68.15 %
26/3/2021 12:37:00,1900 ppm,19.34 C,68.23 %
26/3/2021 12:38:00,1910 ppm,19.35 C,68.35 %
26/3/2021 12:39:00,1910 ppm,19.32 C,68.21 %
26/3/2021 12:40:00,1920 ppm,19.34 C,68.28 %
26/3/2021 12:41:00,1920 ppm,19.34 C,68.33 %
26/3/2021 12:42:00,1920 ppm,19.34 C,68.48 %
26/3/2021 12:43:00,1920 ppm,19.35 C,68.10 %
26/3/2021 12:44:00,1910 ppm,19.34 C,68.08 %
26/3/2021 12:45:00,1920 ppm,19.32 C,68.56 %
26/3/2021 12:46:00,1930 ppm,19.29 C,68.57 %
26/3/2021 12:47:00,1930 ppm,19.32 C,68.25 %
26/3/2021 12:48:00,1930 ppm,19.32 C,68.40 %
26/3/2021 12:49:00,1910 ppm,19.32 C,68.28 %
26/3/2021 12:50:00,1910 ppm,19.31 C,68.19 %
26/3/2021 12:51:00,1930 ppm,19.32 C,68.10 %
26/3/2021 12:52:00,1930 ppm,19.34 C,68.46 %
26/3/2021 12:53:00,1950 ppm,19.34 C,68.17 %
26/3/2021 12:54:00,1950 ppm,19.34 C,68.39 %
26/3/2021 12:55:00,1950 ppm,19.32 C,68.44 %
26/3/2021 12:56:00,1960 ppm,19.35 C,68.38 %
26/3/2021 12:57:00,1960 ppm,19.34 C,68.40 %
26/3/2021 12:58:00,1950 ppm,19.32 C,68.31 %
26/3/2021 12:59:00,1960 ppm,19.32 C,68.44 %
26/3/2021 13:00:00,1960 ppm,19.34 C,68.25 %
26/3/2021 13:01:00,1960 ppm,19.34 C,68.26 %
26/3/2021 13:02:00,1950 ppm,19.32 C,68.24 %
26/3/2021 13:03:00,1960 ppm,19.34 C,68.26 %
26/3/2021 13:04:00,1960 ppm,19.35 C,68.19 %
26/3/2021 13:05:00,1960 ppm,19.36 C,68.22 %
26/3/2021 13:06:00,1950 ppm,19.34 C,68.27 %
26/3/2021 13:07:00,1960 ppm,19.34 C,68.41 %
26/3/2021 13:08:00,1900 ppm,19.34 C,68.29 %
26/3/2021 13:09:00,1920 ppm,19.32 C,68.37 %
26/3/2021 13:10:00,1910 ppm,19.32 C,68.37 %
26/3/2021 13:11:00,1900 ppm,19.32 C,68.46 %
26/3/2021 13:12:00,1900 ppm,19.35 C,68.44 %
26/3/2021 13:13:00,1870 ppm,19.32 C,68.19 %
26/3/2021 13:14:00,1890 ppm,19.34 C,68.41 %
26/3/2021 13:14:59,1920 ppm,19.32 C,68.50 %
26/3/2021 13:16:01,1930 ppm,19.34 C,68.47 %
26/3/2021 13:17:01,1950 ppm,19.35 C,68.45 %
26/3/2021 13:18:01,1930 ppm,19.36 C,68.35 %
26/3/2021 13:19:01,1930 ppm,19.35 C,68.39 %
26/3/2021 13:20:01,1910 ppm,19.36 C,68.50 %
26/3/2021 13:21:01,1240 ppm,19.45 C,68.62 %
26/3/2021 13:22:01,980 ppm,19.55 C,68.20 %
26/3/2021 13:23:01,1000 ppm,19.56 C,68.16 %
26/3/2021 13:24:01,890 ppm,19.65 C,67.88 %
26/3/2021 13:25:01,720 ppm,19.66 C,67.59 %
26/3/2021 13:26:01,630 ppm,19.65 C,67.56 %
26/3/2021 13:27:01,640 ppm,19.60 C,67.61 %
26/3/2021 13:28:01,620 ppm,19.68 C,67.54 %
26/3/2021 13:29:01,580 ppm,19.66 C,67.55 %
26/3/2021 13:30:01,550 ppm,19.68 C,67.51 %
26/3/2021 13:31:01,550 ppm,19.66 C,67.52 %
26/3/2021 13:32:01,520 ppm,19.68 C,67.57 %
26/3/2021 13:32:59,510 ppm,19.66 C,67.61 %
26/3/2021 13:33:59,500 ppm,19.66 C,67.57 %
26/3/2021 13:34:59,520 ppm,19.69 C,67.60 %
26/3/2021 13:35:59,510 ppm,19.77 C,67.32 %
26/3/2021 13:36:59,480 ppm,19.76 C,67.30 %
26/3/2021 13:37:59,470 ppm,19.74 C,67.37 %
26/3/2021 13:38:59,460 ppm,19.74 C,67.41 %
26/3/2021 13:39:59,470 ppm,19.76 C,67.42 %
26/3/2021 13:40:59,470 ppm,19.81 C,67.30 %
26/3/2021 13:42:01,460 ppm,19.80 C,67.19 %
26/3/2021 13:43:01,460 ppm,19.83 C,67.27 %
26/3/2021 13:44:01,470 ppm,19.83 C,67.09 %
26/3/2021 13:45:01,460 ppm,19.81 C,67.08 %
26/3/2021 13:46:01,450 ppm,19.81 C,67.14 %
26/3/2021 13:47:01,460 ppm,19.79 C,67.23 %
26/3/2021 13:48:01,450 ppm,19.79 C,67.23 %
26/3/2021 13:49:01,450 ppm,19.83 C,67.01 %
26/3/2021 13:49:59,450 ppm,19.79 C,67.08 %
26/3/2021 13:50:59,450 ppm,19.80 C,66.95 %
26/3/2021 13:51:59,450 ppm,19.79 C,67.09 %
26/3/2021 13:52:59,450 ppm,19.79 C,67.15 %
26/3/2021 13:53:59,450 ppm,19.87 C,66.93 %
26/3/2021 13:55:00,450 ppm,19.87 C,66.94 %
26/3/2021 13:56:00,450 ppm,19.79 C,67.06 %
26/3/2021 13:57:00,450 ppm,19.81 C,67.10 %
26/3/2021 13:58:00,450 ppm,19.77 C,67.13 %
26/3/2021 13:59:00,450 ppm,19.76 C,67.16 %
26/3/2021 14:00:00,450 ppm,19.79 C,67.12 %
26/3/2021 14:01:00,450 ppm,19.80 C,67.02 %
26/3/2021 14:02:00,450 ppm,19.84 C,66.86 %
26/3/2021 14:03:00,450 ppm,19.81 C,66.97 %
26/3/2021 14:04:00,460 ppm,19.80 C,66.92 %
26/3/2021 14:05:00,460 ppm,19.80 C,66.94 %
26/3/2021 14:06:00,460 ppm,19.77 C,67.06 %
26/3/2021 14:07:00,460 ppm,19.76 C,67.07 %
26/3/2021 14:08:00,460 ppm,19.70 C,67.17 %
26/3/2021 14:09:00,460 ppm,19.66 C,67.29 %
26/3/2021 14:10:00,460 ppm,19.69 C,67.21 %
26/3/2021 14:11:00,460 ppm,19.63 C,67.03 %
26/3/2021 14:12:00,470 ppm,19.59 C,67.23 %
26/3/2021 14:13:00,470 ppm,19.58 C,67.22 %
26/3/2021 14:14:00,470 ppm,19.60 C,67.31 %
26/3/2021 14:15:00,470 ppm,19.65 C,67.21 %
26/3/2021 14:16:00,480 ppm,19.63 C,67.15 %
26/3/2021 14:17:00,470 ppm,19.58 C,67.33 %
26/3/2021 14:18:00,470 ppm,19.58 C,67.12 %
26/3/2021 14:19:00,470 ppm,19.56 C,67.26 %
26/3/2021 14:20:00,470 ppm,19.58 C,67.44 %
26/3/2021 14:21:00,470 ppm,19.60 C,67.27 %
26/3/2021 14:22:00,470 ppm,19.62 C,67.25 %
26/3/2021 14:23:00,470 ppm,19.62 C,67.26 %
26/3/2021 14:24:00,470 ppm,19.63 C,67.26 %
26/3/2021 14:25:00,470 ppm,19.60 C,67.29 %
26/3/2021 14:26:00,470 ppm,19.59 C,67.31 %
26/3/2021 14:27:00,480 ppm,19.62 C,67.20 %
26/3/2021 14:28:00,480 ppm,19.56 C,67.15 %
26/3/2021 14:29:00,480 ppm,19.59 C,67.36 %
26/3/2021 14:30:00,480 ppm,19.60 C,67.35 %
26/3/2021 14:31:00,470 ppm,19.65 C,67.30 %
26/3/2021 14:32:00,470 ppm,19.65 C,67.22 %
26/3/2021 14:33:00,470 ppm,19.66 C,67.17 %
26/3/2021 14:34:00,470 ppm,19.65 C,67.18 %
26/3/2021 14:35:00,470 ppm,19.66 C,67.21 %
26/3/2021 14:36:00,470 ppm,19.66 C,67.17 %
26/3/2021 14:37:00,470 ppm,19.68 C,67.18 %
26/3/2021 14:38:00,470 ppm,19.66 C,67.21 %
26/3/2021 14:39:00,470 ppm,19.63 C,67.37 %
26/3/2021 14:40:00,460 ppm,19.66 C,67.31 %
26/3/2021 14:41:00,460 ppm,19.68 C,67.33 %
26/3/2021 14:42:01,460 ppm,19.69 C,67.27 %
26/3/2021 14:43:01,470 ppm,19.65 C,67.37 %
26/3/2021 14:44:01,470 ppm,19.66 C,67.39 %
26/3/2021 14:45:01,470 ppm,19.66 C,67.41 %
26/3/2021 14:46:01,470 ppm,19.62 C,67.42 %
26/3/2021 14:47:01,470 ppm,19.58 C,67.41 %
26/3/2021 14:48:01,470 ppm,19.60 C,67.51 %
26/3/2021 14:49:01,470 ppm,19.60 C,67.62 %
26/3/2021 14:50:01,470 ppm,19.65 C,67.52 %
26/3/2021 14:51:01,470 ppm,19.60 C,67.60 %
26/3/2021 14:52:01,470 ppm,19.60 C,67.53 %
26/3/2021 14:53:01,460 ppm,19.59 C,67.60 %
26/3/2021 14:54:01,460 ppm,19.58 C,67.48 %
26/3/2021 14:55:01,460 ppm,19.56 C,67.56 %
26/3/2021 14:56:01,460 ppm,19.53 C,67.77 %
26/3/2021 14:56:59,460 ppm,19.46 C,67.99 %
26/3/2021 14:57:59,470 ppm,19.45 C,68.11 %
26/3/2021 14:58:59,470 ppm,19.48 C,67.97 %
26/3/2021 14:59:59,460 ppm,19.46 C,67.89 %
26/3/2021 15:00:59,470 ppm,19.48 C,68.08 %
26/3/2021 15:01:59,470 ppm,19.48 C,68.13 %
26/3/2021 15:03:01,470 ppm,19.52 C,68.01 %
26/3/2021 15:04:01,470 ppm,19.52 C,68.01 %
26/3/2021 15:05:01,470 ppm,19.53 C,68.21 %
26/3/2021 15:06:01,470 ppm,19.53 C,67.98 %
26/3/2021 15:07:01,470 ppm,19.55 C,68.06 %
26/3/2021 15:08:01,480 ppm,19.53 C,68.14 %
26/3/2021 15:09:01,480 ppm,19.53 C,68.25 %
26/3/2021 15:10:01,480 ppm,19.52 C,68.35 %
26/3/2021 15:11:01,480 ppm,19.52 C,68.37 %
26/3/2021 15:12:01,480 ppm,19.52 C,68.44 %
26/3/2021 15:13:01,480 ppm,19.55 C,68.27 %
26/3/2021 15:14:01,470 ppm,19.56 C,68.32 %
26/3/2021 15:14:59,480 ppm,19.56 C,68.46 %
26/3/2021 15:15:59,470 ppm,19.59 C,68.44 %
26/3/2021 15:16:59,480 ppm,19.58 C,68.56 %
26/3/2021 15:17:59,480 ppm,19.53 C,68.64 %
26/3/2021 15:18:59,460 ppm,19.58 C,68.87 %
26/3/2021 15:19:59,460 ppm,19.55 C,68.92 %
26/3/2021 15:20:59,450 ppm,19.53 C,68.96 %
26/3/2021 15:21:59,450 ppm,19.55 C,69.03 %
26/3/2021 15:22:59,450 ppm,19.50 C,69.13 %
26/3/2021 15:23:59,440 ppm,19.53 C,69.19 %
26/3/2021 15:24:59,440 ppm,19.53 C,69.15 %
26/3/2021 15:25:59,440 ppm,19.52 C,69.01 %
26/3/2021 15:27:00,450 ppm,19.56 C,69.12 %
26/3/2021 15:28:00,450 ppm,19.55 C,69.12 %
26/3/2021 15:29:00,450 ppm,19.52 C,69.23 %
26/3/2021 15:30:00,450 ppm,19.53 C,69.26 %
26/3/2021 15:31:00,450 ppm,19.52 C,69.23 %
26/3/2021 15:32:00,450 ppm,19.53 C,69.23 %
26/3/2021 15:33:00,450 ppm,19.53 C,69.20 %
26/3/2021 15:34:00,450 ppm,19.55 C,69.10 %
26/3/2021 15:35:00,450 ppm,19.55 C,69.25 %
26/3/2021 15:36:00,450 ppm,19.53 C,69.39 %
26/3/2021 15:37:00,460 ppm,19.60 C,69.12 %
26/3/2021 15:38:00,460 ppm,19.58 C,69.23 %
26/3/2021 15:39:00,470 ppm,19.60 C,69.36 %
26/3/2021 15:40:00,450 ppm,19.55 C,69.54 %
26/3/2021 15:41:00,450 ppm,19.50 C,69.67 %
26/3/2021 15:42:00,470 ppm,19.58 C,69.50 %
26/3/2021 15:43:00,460 ppm,19.55 C,69.65 %
26/3/2021 15:44:00,460 ppm,19.55 C,69.64 %
26/3/2021 15:45:00,470 ppm,19.60 C,69.51 %
26/3/2021 15:46:00,460 ppm,19.55 C,69.77 %
26/3/2021 15:47:00,460 ppm,19.50 C,70.00 %
26/3/2021 15:48:00,440 ppm,19.46 C,70.22 %
26/3/2021 15:49:00,440 ppm,19.42 C,70.34 %
26/3/2021 15:50:00,440 ppm,19.39 C,70.44 %
26/3/2021 15:51:00,430 ppm,19.38 C,70.64 %
26/3/2021 15:52:00,430 ppm,19.38 C,70.70 %
26/3/2021 15:53:00,430 ppm,19.34 C,70.74 %
26/3/2021 15:54:00,430 ppm,19.34 C,70.80 %
26/3/2021 15:55:00,430 ppm,19.32 C,70.81 %
26/3/2021 15:56:00,430 ppm,19.28 C,70.98 %
26/3/2021 15:57:00,420 ppm,19.28 C,71.12 %
26/3/2021 15:58:00,420 ppm,19.22 C,71.13 %
26/3/2021 15:59:00,420 ppm,19.24 C,71.14 %
26/3/2021 16:00:00,420 ppm,19.25 C,71.08 %
26/3/2021 16:01:00,420 ppm,19.29 C,71.03 %
26/3/2021 16:02:00,420 ppm,19.26 C,71.02 %
26/3/2021 16:03:00,430 ppm,19.34 C,70.76 %
26/3/2021 16:04:00,430 ppm,19.36 C,70.87 %
26/3/2021 16:05:00,450 ppm,19.42 C,70.77 %
26/3/2021 16:06:00,470 ppm,19.44 C,70.53 %
26/3/2021 16:07:00,450 ppm,19.44 C,70.54 %
26/3/2021 16:08:00,440 ppm,19.44 C,70.55 %
26/3/2021 16:09:00,440 ppm,19.41 C,70.78 %
26/3/2021 16:10:00,430 ppm,19.36 C,70.89 %
26/3/2021 16:11:01,440 ppm,19.38 C,70.73 %
